round,repetition,id,useCase,expected,jev,jevDurationMs,baselineDurationMs,jevCost,baselineCost,model,provider,requireZdr,requestId,answers,baseline
initial,1,d1,discussion,consensus,consensus,162,1527,3.78e-05,4.653e-05,typesafe/jev-1.13-20260917,TypeSafe,True,gen-dec-1790774104-upUQ0djdee5lyumcKv0S,"{""agreement"":{""choice"":""yes"",""confidence"":0.98,""probabilities"":{""no"":0.01,""uncertain"":0,""yes"":0.99},""type"":""choice""},""disagreement"":{""choice"":""no"",""confidence"":1,""probabilities"":{""no"":1,""uncertain"":0,""yes"":0},""type"":""choice""},""missing_evidence"":{""choice"":""no"",""confidence"":0.51,""probabilities"":{""no"":0.68,""uncertain"":0.13,""yes"":0.19},""type"":""choice""},""repetition"":{""choice"":""yes"",""confidence"":0.91,""probabilities"":{""no"":0.06,""uncertain"":0,""yes"":0.94},""type"":""choice""},""unanswered"":{""choice"":""no"",""confidence"":0.93,""probabilities"":{""no"":0.95,""uncertain"":0,""yes"":0.05},""type"":""choice""}}",consensus
initial,1,d2,discussion,stalled,continue,349,757,4.0194e-05,3.1482e-05,typesafe/jev-1.13-20260917,TypeSafe,True,gen-dec-1790774107-LV8rOW09scC7uwQRL1ke,"{""agreement"":{""choice"":""no"",""confidence"":0.97,""probabilities"":{""no"":0.98,""uncertain"":0.02,""yes"":0},""type"":""choice""},""disagreement"":{""choice"":""yes"",""confidence"":0.92,""probabilities"":{""no"":0.01,""uncertain"":0.05,""yes"":0.94},""type"":""choice""},""missing_evidence"":{""choice"":""yes"",""confidence"":0.99,""probabilities"":{""no"":0,""uncertain"":0.01,""yes"":0.99},""type"":""choice""},""repetition"":{""choice"":""yes"",""confidence"":1,""probabilities"":{""no"":0,""uncertain"":0,""yes"":1},""type"":""choice""},""unanswered"":{""choice"":""yes"",""confidence"":0.8,""probabilities"":{""no"":0.05,""uncertain"":0.08,""yes"":0.87},""type"":""choice""}}",continue
initial,1,d3,discussion,continue,continue,140,978,3.7422e-05,3.8016e-05,typesafe/jev-1.13-20260917,TypeSafe,True,gen-dec-1790774109-fx1uPxatOtbUICu20Phu,"{""agreement"":{""choice"":""no"",""confidence"":1,""probabilities"":{""no"":1,""uncertain"":0,""yes"":0},""type"":""choice""},""disagreement"":{""choice"":""no"",""confidence"":0.94,""probabilities"":{""no"":0.96,""uncertain"":0.02,""yes"":0.02},""type"":""choice""},""missing_evidence"":{""choice"":""no"",""confidence"":0.51,""probabilities"":{""no"":0.68,""uncertain"":0.01,""yes"":0.31},""type"":""choice""},""repetition"":{""choice"":""yes"",""confidence"":0.97,""probabilities"":{""no"":0.02,""uncertain"":0,""yes"":0.98},""type"":""choice""},""unanswered"":{""choice"":""yes"",""confidence"":1,""probabilities"":{""no"":0,""uncertain"":0,""yes"":1},""type"":""choice""}}",consensus
initial,1,d4,discussion,consensus,consensus,237,1222,3.8094e-05,3.9798e-05,typesafe/jev-1.13-20260917,TypeSafe,True,gen-dec-1790774112-SC02fTgtq3QbB2JTbRKv,"{""agreement"":{""choice"":""yes"",""confidence"":1,""probabilities"":{""no"":0,""uncertain"":0,""yes"":1},""type"":""choice""},""disagreement"":{""choice"":""no"",""confidence"":1,""probabilities"":{""no"":1,""uncertain"":0,""yes"":0},""type"":""choice""},""missing_evidence"":{""choice"":""no"",""confidence"":0.94,""probabilities"":{""no"":0.96,""uncertain"":0,""yes"":0.04},""type"":""choice""},""repetition"":{""choice"":""yes"",""confidence"":0.74,""probabilities"":{""no"":0.17,""uncertain"":0,""yes"":0.83},""type"":""choice""},""unanswered"":{""choice"":""no"",""confidence"":0.96,""probabilities"":{""no"":0.98,""uncertain"":0,""yes"":0.02},""type"":""choice""}}",consensus
initial,1,d5,discussion,continue,consensus,149,2104,3.7926e-05,7.4052e-05,typesafe/jev-1.13-20260917,TypeSafe,True,gen-dec-1790774114-qsVzJVFWFUiggDaeVBma,"{""agreement"":{""choice"":""yes"",""confidence"":0.27,""probabilities"":{""no"":0.43,""uncertain"":0.06,""yes"":0.51},""type"":""choice""},""disagreement"":{""choice"":""no"",""confidence"":0.74,""probabilities"":{""no"":0.83,""uncertain"":0.01,""yes"":0.16},""type"":""choice""},""missing_evidence"":{""choice"":""no"",""confidence"":0.72,""probabilities"":{""no"":0.81,""uncertain"":0.05,""yes"":0.14},""type"":""choice""},""repetition"":{""choice"":""no"",""confidence"":0.99,""probabilities"":{""no"":1,""uncertain"":0,""yes"":0},""type"":""choice""},""unanswered"":{""choice"":""no"",""confidence"":0.8,""probabilities"":{""no"":0.87,""uncertain"":0.02,""yes"":0.11},""type"":""choice""}}",continue
initial,1,d6,discussion,consensus,consensus,197,3391,3.7926e-05,0.000118602,typesafe/jev-1.13-20260917,TypeSafe,True,gen-dec-1790774118-HUXLhCr0AgppeA7CD3R7,"{""agreement"":{""choice"":""yes"",""confidence"":0.96,""probabilities"":{""no"":0.02,""uncertain"":0,""yes"":0.98},""type"":""choice""},""disagreement"":{""choice"":""no"",""confidence"":1,""probabilities"":{""no"":1,""uncertain"":0,""yes"":0},""type"":""choice""},""missing_evidence"":{""choice"":""no"",""confidence"":0.65,""probabilities"":{""no"":0.77,""uncertain"":0.06,""yes"":0.17},""type"":""choice""},""repetition"":{""choice"":""yes"",""confidence"":0.94,""probabilities"":{""no"":0.04,""uncertain"":0,""yes"":0.96},""type"":""choice""},""unanswered"":{""choice"":""no"",""confidence"":0.78,""probabilities"":{""no"":0.85,""uncertain"":0.01,""yes"":0.14},""type"":""choice""}}",continue
initial,1,d7,discussion,continue,continue,156,5675,3.7716e-05,8.9892e-05,typesafe/jev-1.13-20260917,TypeSafe,True,gen-dec-1790774122-qg9gFPfo5oXs7uz6HTli,"{""agreement"":{""choice"":""no"",""confidence"":0.95,""probabilities"":{""no"":0.96,""uncertain"":0.02,""yes"":0.02},""type"":""choice""},""disagreement"":{""choice"":""yes"",""confidence"":0.98,""probabilities"":{""no"":0.01,""uncertain"":0,""yes"":0.99},""type"":""choice""},""missing_evidence"":{""choice"":""yes"",""confidence"":0.65,""probabilities"":{""no"":0.09,""uncertain"":0.14,""yes"":0.77},""type"":""choice""},""repetition"":{""choice"":""no"",""confidence"":0.93,""probabilities"":{""no"":0.95,""uncertain"":0.01,""yes"":0.04},""type"":""choice""},""unanswered"":{""choice"":""yes"",""confidence"":0.36,""probabilities"":{""no"":0.36,""uncertain"":0.06,""yes"":0.58},""type"":""choice""}}",continue
initial,1,m1,memory,reinforce:memory_0,reinforce:memory_0,207,1,2.793e-05,0,typesafe/jev-1.13-20260917,TypeSafe,True,gen-dec-1790774129-qk4BbE69uYYDl3TyTzCG,"{""admission"":{""choice"":""fact"",""confidence"":1,""probabilities"":{""fact"":1,""forget"":0,""ignore"":0,""uncertain"":0},""type"":""choice""},""relation_0"":{""choice"":""equivalent"",""confidence"":0.8,""probabilities"":{""equivalent"":0.84,""separate"":0.15,""supersedes"":0.01,""uncertain"":0,""unrelated"":0},""type"":""choice""}}",add
initial,1,m2,memory,supersede:memory_0,supersede:memory_0,148,1,2.8098e-05,0,typesafe/jev-1.13-20260917,TypeSafe,True,gen-dec-1790774130-IQYxIQ65KoiaxAauQHKk,"{""admission"":{""choice"":""fact"",""confidence"":1,""probabilities"":{""fact"":1,""forget"":0,""ignore"":0,""uncertain"":0},""type"":""choice""},""relation_0"":{""choice"":""supersedes"",""confidence"":1,""probabilities"":{""equivalent"":0,""separate"":0,""supersedes"":1,""uncertain"":0,""unrelated"":0},""type"":""choice""}}",add
initial,1,m3,memory,add,add,180,1,2.7972e-05,0,typesafe/jev-1.13-20260917,TypeSafe,True,gen-dec-1790774131-FBygcGm6A3uq5c9U92QB,"{""admission"":{""choice"":""fact"",""confidence"":0.71,""probabilities"":{""fact"":0.78,""forget"":0,""ignore"":0.06,""uncertain"":0.16},""type"":""choice""},""relation_0"":{""choice"":""separate"",""confidence"":0.92,""probabilities"":{""equivalent"":0,""separate"":0.94,""supersedes"":0.06,""uncertain"":0,""unrelated"":0},""type"":""choice""}}",add
initial,1,m4,memory,ignore,ignore,207,1,2.8098e-05,0,typesafe/jev-1.13-20260917,TypeSafe,True,gen-dec-1790774133-W1VTJ0Dyp90U1yVArRVb,"{""admission"":{""choice"":""ignore"",""confidence"":0.59,""probabilities"":{""fact"":0.29,""forget"":0,""ignore"":0.69,""uncertain"":0.02},""type"":""choice""},""relation_0"":{""choice"":""separate"",""confidence"":0.97,""probabilities"":{""equivalent"":0.01,""separate"":0.98,""supersedes"":0,""uncertain"":0,""unrelated"":0.01},""type"":""choice""}}",add
initial,1,m5,memory,supersede:memory_0,supersede:memory_0,190,1,2.7804e-05,0,typesafe/jev-1.13-20260917,TypeSafe,True,gen-dec-1790774134-EdYelENqgHJaDfQj66ld,"{""admission"":{""choice"":""fact"",""confidence"":0.95,""probabilities"":{""fact"":0.97,""forget"":0,""ignore"":0.01,""uncertain"":0.02},""type"":""choice""},""relation_0"":{""choice"":""supersedes"",""confidence"":0.98,""probabilities"":{""equivalent"":0,""separate"":0.01,""supersedes"":0.99,""uncertain"":0,""unrelated"":0},""type"":""choice""}}",add
initial,1,m6,memory,ignore,ignore,170,0,2.7804e-05,0,typesafe/jev-1.13-20260917,TypeSafe,True,gen-dec-1790774135-l39XhLtVJp3ZENaRIoyQ,"{""admission"":{""choice"":""ignore"",""confidence"":0.96,""probabilities"":{""fact"":0,""forget"":0,""ignore"":0.97,""uncertain"":0.03},""type"":""choice""},""relation_0"":{""choice"":""separate"",""confidence"":0.37,""probabilities"":{""equivalent"":0,""separate"":0.49,""supersedes"":0.02,""uncertain"":0.46,""unrelated"":0.03},""type"":""choice""}}",supersede:memory_0
initial,1,m7,memory,reinforce:memory_0,reinforce:memory_0,161,0,2.7972e-05,0,typesafe/jev-1.13-20260917,TypeSafe,True,gen-dec-1790774137-OBrOOs9IBJXMMEskl1Wl,"{""admission"":{""choice"":""fact"",""confidence"":1,""probabilities"":{""fact"":1,""forget"":0,""ignore"":0,""uncertain"":0},""type"":""choice""},""relation_0"":{""choice"":""equivalent"",""confidence"":0.88,""probabilities"":{""equivalent"":0.91,""separate"":0.09,""supersedes"":0,""uncertain"":0,""unrelated"":0},""type"":""choice""}}",add
initial,1,m8,memory,fallback,fallback,153,0,3.675e-05,0,typesafe/jev-1.13-20260917,TypeSafe,True,gen-dec-1790774138-F6dCjBPMYNy96dvAWpGB,"{""admission"":{""choice"":""fact"",""confidence"":1,""probabilities"":{""fact"":1,""forget"":0,""ignore"":0,""uncertain"":0},""type"":""choice""},""relation_0"":{""choice"":""equivalent"",""confidence"":0.91,""probabilities"":{""equivalent"":0.93,""separate"":0.06,""supersedes"":0.01,""uncertain"":0,""unrelated"":0},""type"":""choice""},""relation_1"":{""choice"":""equivalent"",""confidence"":0.93,""probabilities"":{""equivalent"":0.95,""separate"":0.05,""supersedes"":0,""uncertain"":0,""unrelated"":0},""type"":""choice""}}",add
initial,1,m9,memory,forget,forget,154,0,2.772e-05,0,typesafe/jev-1.13-20260917,TypeSafe,True,gen-dec-1790774139-UHtArYkytCFgzMWGIH6g,"{""admission"":{""choice"":""forget"",""confidence"":0.65,""probabilities"":{""fact"":0.04,""forget"":0.74,""ignore"":0.22,""uncertain"":0},""type"":""choice""},""relation_0"":{""choice"":""supersedes"",""confidence"":0.72,""probabilities"":{""equivalent"":0.02,""separate"":0.17,""supersedes"":0.78,""uncertain"":0.03,""unrelated"":0},""type"":""choice""}}",add
initial,1,c1,moderator,request_evidence,request_evidence,223,1087,2.457e-05,5.2668e-05,typesafe/jev-1.13-20260917,TypeSafe,True,gen-dec-1790774140-vfjbMYmQ0vtpb132Er7B,"{""intervention"":{""choice"":""request_evidence"",""confidence"":0.94,""probabilities"":{""challenge_assumption"":0.01,""clarify_tradeoff"":0,""no_intervention"":0.05,""request_evidence"":0.94,""synthesise"":0,""uncertain"":0},""type"":""choice""}}",Please provide benchmark results for Database A and alternatives under comparable workloads before concluding which offers better throughput.
initial,1,c2,moderator,clarify_tradeoff,request_evidence,179,4085,2.4864e-05,0.00012276,typesafe/jev-1.13-20260917,TypeSafe,True,gen-dec-1790774143-HVfIcpLsz4d9Dw5LdpR1,"{""intervention"":{""choice"":""request_evidence"",""confidence"":0.87,""probabilities"":{""challenge_assumption"":0.01,""clarify_tradeoff"":0.09,""no_intervention"":0,""request_evidence"":0.9,""synthesise"":0,""uncertain"":0},""type"":""choice""}}","Compare estimated local and remote hosting costs alongside specific privacy risks, such as data access, encryption, and compliance requirements, to clarify when each option is preferable."
initial,1,c3,moderator,challenge_assumption,request_evidence,142,5280,2.5116e-05,0.000113058,typesafe/jev-1.13-20260917,TypeSafe,True,gen-dec-1790774148-EupZErHOrY7JEzwwEE0c,"{""intervention"":{""choice"":""request_evidence"",""confidence"":0.57,""probabilities"":{""challenge_assumption"":0.33,""clarify_tradeoff"":0,""no_intervention"":0.02,""request_evidence"":0.65,""synthesise"":0,""uncertain"":0},""type"":""choice""}}","Estimate demand using comparable conversion rates or a range of scenarios, and explain what evidence would support the chosen rate."
initial,1,c4,moderator,no_intervention,no_intervention,152,4971,2.52e-05,0.000119592,typesafe/jev-1.13-20260917,TypeSafe,True,gen-dec-1790774154-kT80CsLdLCQXDrUKtyoa,"{""intervention"":{""choice"":""no_intervention"",""confidence"":0.4,""probabilities"":{""challenge_assumption"":0,""clarify_tradeoff"":0,""no_intervention"":0.51,""request_evidence"":0.43,""synthesise"":0.03,""uncertain"":0.03},""type"":""choice""}}","Please report the second test’s results and specify which prototype tasks remain, distinguishing completed work from pending implementation or validation."
initial,1,s1,speakers,writer,writer,209,3857,6.4134e-05,0.000213642,typesafe/jev-1.13-20260917,TypeSafe,True,gen-dec-1790774160-oBmohd7qqgRuZf4u03Eq,"{""primary"":{""choice"":""writer"",""confidence"":1,""probabilities"":{""reviewer"":0,""writer"":1},""type"":""choice""},""reply_0_0"":{""choice"":""reply"",""confidence"":1,""probabilities"":{""none"":0,""reply"":1},""type"":""choice""},""reply_1_0"":{""choice"":""none"",""confidence"":0.71,""probabilities"":{""none"":0.85,""reply"":0.15},""type"":""choice""},""speaker_0"":{""choice"":""answer_human"",""confidence"":1,""probabilities"":{""answer_human"":1,""correct_error"":0,""owned_handoff"":0,""quiet"":0,""review_change"":0,""uncertain"":0},""type"":""choice""},""speaker_1"":{""choice"":""quiet"",""confidence"":0.99,""probabilities"":{""answer_human"":0,""correct_error"":0,""owned_handoff"":0,""quiet"":1,""review_change"":0,""uncertain"":0},""type"":""choice""}}",writer
initial,1,s2,speakers,quiet,quiet,158,4240,6.0774e-05,0.00018711,typesafe/jev-1.13-20260917,TypeSafe,True,gen-dec-1790774166-lZfzSm6sTQoHQnxhVsGI,"{""reply_0_0"":{""choice"":""none"",""confidence"":0.84,""probabilities"":{""none"":0.92,""reply"":0.08},""type"":""choice""},""reply_1_0"":{""choice"":""none"",""confidence"":0.77,""probabilities"":{""none"":0.88,""reply"":0.12},""type"":""choice""},""speaker_0"":{""choice"":""quiet"",""confidence"":1,""probabilities"":{""answer_human"":0,""correct_error"":0,""owned_handoff"":0,""quiet"":1,""review_change"":0,""uncertain"":0},""type"":""choice""},""speaker_1"":{""choice"":""quiet"",""confidence"":1,""probabilities"":{""answer_human"":0,""correct_error"":0,""owned_handoff"":0,""quiet"":1,""review_change"":0,""uncertain"":0},""type"":""choice""}}",quiet
initial,1,s3,speakers,reviewer,reviewer,139,1904,6.0984e-05,0.000217404,typesafe/jev-1.13-20260917,TypeSafe,True,gen-dec-1790774171-gHZYOEEuKGItf6Pnl6ls,"{""reply_0_0"":{""choice"":""reply"",""confidence"":0.29,""probabilities"":{""none"":0.35,""reply"":0.65},""type"":""choice""},""reply_1_0"":{""choice"":""reply"",""confidence"":0.98,""probabilities"":{""none"":0.01,""reply"":0.99},""type"":""choice""},""speaker_0"":{""choice"":""quiet"",""confidence"":0.99,""probabilities"":{""answer_human"":0,""correct_error"":0,""owned_handoff"":0,""quiet"":1,""review_change"":0,""uncertain"":0},""type"":""choice""},""speaker_1"":{""choice"":""review_change"",""confidence"":0.66,""probabilities"":{""answer_human"":0,""correct_error"":0,""owned_handoff"":0.22,""quiet"":0.06,""review_change"":0.72,""uncertain"":0},""type"":""choice""}}",reviewer
initial,2,d1,discussion,consensus,consensus,170,1027,3.78e-05,3.8214e-05,typesafe/jev-1.13-20260917,TypeSafe,True,gen-dec-1790774174-eEVXvCyZfvFwACPrXjNZ,"{""agreement"":{""choice"":""yes"",""confidence"":0.99,""probabilities"":{""no"":0.01,""uncertain"":0,""yes"":0.99},""type"":""choice""},""disagreement"":{""choice"":""no"",""confidence"":1,""probabilities"":{""no"":1,""uncertain"":0,""yes"":0},""type"":""choice""},""missing_evidence"":{""choice"":""no"",""confidence"":0.53,""probabilities"":{""no"":0.69,""uncertain"":0.12,""yes"":0.19},""type"":""choice""},""repetition"":{""choice"":""yes"",""confidence"":0.92,""probabilities"":{""no"":0.05,""uncertain"":0,""yes"":0.95},""type"":""choice""},""unanswered"":{""choice"":""no"",""confidence"":0.93,""probabilities"":{""no"":0.95,""uncertain"":0,""yes"":0.05},""type"":""choice""}}",consensus
initial,2,d2,discussion,stalled,continue,175,3340,4.0194e-05,0.000101574,typesafe/jev-1.13-20260917,TypeSafe,True,gen-dec-1790774177-FPS5FSfJg3LdeSqnJI7p,"{""agreement"":{""choice"":""no"",""confidence"":0.92,""probabilities"":{""no"":0.94,""uncertain"":0.03,""yes"":0.03},""type"":""choice""},""disagreement"":{""choice"":""yes"",""confidence"":0.93,""probabilities"":{""no"":0.01,""uncertain"":0.04,""yes"":0.95},""type"":""choice""},""missing_evidence"":{""choice"":""yes"",""confidence"":0.98,""probabilities"":{""no"":0,""uncertain"":0.01,""yes"":0.99},""type"":""choice""},""repetition"":{""choice"":""yes"",""confidence"":1,""probabilities"":{""no"":0,""uncertain"":0,""yes"":1},""type"":""choice""},""unanswered"":{""choice"":""yes"",""confidence"":0.84,""probabilities"":{""no"":0.05,""uncertain"":0.06,""yes"":0.89},""type"":""choice""}}",continue
initial,2,d3,discussion,continue,continue,200,3186,3.7422e-05,0.000105732,typesafe/jev-1.13-20260917,TypeSafe,True,gen-dec-1790774181-zZsoT36StKIaWCEJLDRQ,"{""agreement"":{""choice"":""no"",""confidence"":1,""probabilities"":{""no"":1,""uncertain"":0,""yes"":0},""type"":""choice""},""disagreement"":{""choice"":""no"",""confidence"":0.95,""probabilities"":{""no"":0.97,""uncertain"":0.02,""yes"":0.01},""type"":""choice""},""missing_evidence"":{""choice"":""no"",""confidence"":0.58,""probabilities"":{""no"":0.72,""uncertain"":0.01,""yes"":0.27},""type"":""choice""},""repetition"":{""choice"":""yes"",""confidence"":0.97,""probabilities"":{""no"":0.02,""uncertain"":0,""yes"":0.98},""type"":""choice""},""unanswered"":{""choice"":""yes"",""confidence"":1,""probabilities"":{""no"":0,""uncertain"":0,""yes"":1},""type"":""choice""}}",consensus
initial,2,d4,discussion,consensus,consensus,144,972,3.8094e-05,4.0986e-05,typesafe/jev-1.13-20260917,TypeSafe,True,gen-dec-1790774185-07SWKixVnFCeQ2FDBNOt,"{""agreement"":{""choice"":""yes"",""confidence"":1,""probabilities"":{""no"":0,""uncertain"":0,""yes"":1},""type"":""choice""},""disagreement"":{""choice"":""no"",""confidence"":1,""probabilities"":{""no"":1,""uncertain"":0,""yes"":0},""type"":""choice""},""missing_evidence"":{""choice"":""no"",""confidence"":0.94,""probabilities"":{""no"":0.96,""uncertain"":0,""yes"":0.04},""type"":""choice""},""repetition"":{""choice"":""yes"",""confidence"":0.74,""probabilities"":{""no"":0.17,""uncertain"":0,""yes"":0.83},""type"":""choice""},""unanswered"":{""choice"":""no"",""confidence"":0.96,""probabilities"":{""no"":0.98,""uncertain"":0,""yes"":0.02},""type"":""choice""}}",consensus
initial,2,d5,discussion,continue,consensus,201,996,3.7926e-05,4.3164e-05,typesafe/jev-1.13-20260917,TypeSafe,True,gen-dec-1790774188-qXSVAxQxN6Lytem7VqGX,"{""agreement"":{""choice"":""yes"",""confidence"":0.23,""probabilities"":{""no"":0.45,""uncertain"":0.06,""yes"":0.49},""type"":""choice""},""disagreement"":{""choice"":""no"",""confidence"":0.77,""probabilities"":{""no"":0.84,""uncertain"":0.02,""yes"":0.14},""type"":""choice""},""missing_evidence"":{""choice"":""no"",""confidence"":0.7,""probabilities"":{""no"":0.8,""uncertain"":0.09,""yes"":0.11},""type"":""choice""},""repetition"":{""choice"":""no"",""confidence"":0.99,""probabilities"":{""no"":1,""uncertain"":0,""yes"":0},""type"":""choice""},""unanswered"":{""choice"":""no"",""confidence"":0.78,""probabilities"":{""no"":0.86,""uncertain"":0.02,""yes"":0.12},""type"":""choice""}}",continue
initial,2,d6,discussion,consensus,consensus,164,3172,3.7926e-05,8.0586e-05,typesafe/jev-1.13-20260917,TypeSafe,True,gen-dec-1790774190-xQZ3dMaHWL0uId3hbenx,"{""agreement"":{""choice"":""yes"",""confidence"":0.97,""probabilities"":{""no"":0.02,""uncertain"":0,""yes"":0.98},""type"":""choice""},""disagreement"":{""choice"":""no"",""confidence"":1,""probabilities"":{""no"":1,""uncertain"":0,""yes"":0},""type"":""choice""},""missing_evidence"":{""choice"":""no"",""confidence"":0.63,""probabilities"":{""no"":0.76,""uncertain"":0.08,""yes"":0.16},""type"":""choice""},""repetition"":{""choice"":""yes"",""confidence"":0.97,""probabilities"":{""no"":0.02,""uncertain"":0,""yes"":0.98},""type"":""choice""},""unanswered"":{""choice"":""no"",""confidence"":0.8,""probabilities"":{""no"":0.86,""uncertain"":0.01,""yes"":0.13},""type"":""choice""}}",consensus
initial,2,d7,discussion,continue,continue,135,1044,3.7716e-05,4.5936e-05,typesafe/jev-1.13-20260917,TypeSafe,True,gen-dec-1790774194-tunck63c0WSuK0piqCDj,"{""agreement"":{""choice"":""no"",""confidence"":0.96,""probabilities"":{""no"":0.98,""uncertain"":0.01,""yes"":0.01},""type"":""choice""},""disagreement"":{""choice"":""yes"",""confidence"":0.99,""probabilities"":{""no"":0,""uncertain"":0,""yes"":1},""type"":""choice""},""missing_evidence"":{""choice"":""yes"",""confidence"":0.62,""probabilities"":{""no"":0.08,""uncertain"":0.18,""yes"":0.74},""type"":""choice""},""repetition"":{""choice"":""no"",""confidence"":0.93,""probabilities"":{""no"":0.95,""uncertain"":0.01,""yes"":0.04},""type"":""choice""},""unanswered"":{""choice"":""yes"",""confidence"":0.34,""probabilities"":{""no"":0.37,""uncertain"":0.07,""yes"":0.56},""type"":""choice""}}",continue
initial,2,m1,memory,reinforce:memory_0,reinforce:memory_0,173,2,2.793e-05,0,typesafe/jev-1.13-20260917,TypeSafe,True,gen-dec-1790774196-pfZ93uWBzsa3SmVodP0B,"{""admission"":{""choice"":""fact"",""confidence"":0.99,""probabilities"":{""fact"":1,""forget"":0,""ignore"":0,""uncertain"":0},""type"":""choice""},""relation_0"":{""choice"":""equivalent"",""confidence"":0.79,""probabilities"":{""equivalent"":0.84,""separate"":0.15,""supersedes"":0.01,""uncertain"":0,""unrelated"":0},""type"":""choice""}}",add
initial,2,m2,memory,supersede:memory_0,supersede:memory_0,231,1,2.8098e-05,0,typesafe/jev-1.13-20260917,TypeSafe,True,gen-dec-1790774198-tXPXYsddOL3yLYqs69TQ,"{""admission"":{""choice"":""fact"",""confidence"":1,""probabilities"":{""fact"":1,""forget"":0,""ignore"":0,""uncertain"":0},""type"":""choice""},""relation_0"":{""choice"":""supersedes"",""confidence"":1,""probabilities"":{""equivalent"":0,""separate"":0,""supersedes"":1,""uncertain"":0,""unrelated"":0},""type"":""choice""}}",add
initial,2,m3,memory,add,add,157,1,2.7972e-05,0,typesafe/jev-1.13-20260917,TypeSafe,True,gen-dec-1790774199-wEF1AsC7J4BjMEqjx9Aw,"{""admission"":{""choice"":""fact"",""confidence"":0.73,""probabilities"":{""fact"":0.79,""forget"":0,""ignore"":0.06,""uncertain"":0.15},""type"":""choice""},""relation_0"":{""choice"":""separate"",""confidence"":0.92,""probabilities"":{""equivalent"":0,""separate"":0.9400000000000001,""supersedes"":0.06,""uncertain"":0,""unrelated"":0},""type"":""choice""}}",add
initial,2,m4,memory,ignore,ignore,197,0,2.8098e-05,0,typesafe/jev-1.13-20260917,TypeSafe,True,gen-dec-1790774200-8Y7KFQznCNl4FoT03X3a,"{""admission"":{""choice"":""ignore"",""confidence"":0.56,""probabilities"":{""fact"":0.31,""forget"":0,""ignore"":0.67,""uncertain"":0.02},""type"":""choice""},""relation_0"":{""choice"":""separate"",""confidence"":0.98,""probabilities"":{""equivalent"":0.01,""separate"":0.98,""supersedes"":0,""uncertain"":0,""unrelated"":0.01},""type"":""choice""}}",add
initial,2,m5,memory,supersede:memory_0,supersede:memory_0,181,0,2.7804e-05,0,typesafe/jev-1.13-20260917,TypeSafe,True,gen-dec-1790774201-TCbo5WzVOPRKk1q3rZ99,"{""admission"":{""choice"":""fact"",""confidence"":0.96,""probabilities"":{""fact"":0.98,""forget"":0,""ignore"":0.01,""uncertain"":0.01},""type"":""choice""},""relation_0"":{""choice"":""supersedes"",""confidence"":0.99,""probabilities"":{""equivalent"":0,""separate"":0.01,""supersedes"":0.99,""uncertain"":0,""unrelated"":0},""type"":""choice""}}",add
initial,2,m6,memory,ignore,ignore,148,0,2.7804e-05,0,typesafe/jev-1.13-20260917,TypeSafe,True,gen-dec-1790774203-sJsbs01yTjIuBY20ErVT,"{""admission"":{""choice"":""ignore"",""confidence"":0.94,""probabilities"":{""fact"":0.01,""forget"":0,""ignore"":0.95,""uncertain"":0.04},""type"":""choice""},""relation_0"":{""choice"":""uncertain"",""confidence"":0.39,""probabilities"":{""equivalent"":0,""separate"":0.45,""supersedes"":0.02,""uncertain"":0.51,""unrelated"":0.02},""type"":""choice""}}",supersede:memory_0
initial,2,m7,memory,reinforce:memory_0,reinforce:memory_0,143,0,2.7972e-05,0,typesafe/jev-1.13-20260917,TypeSafe,True,gen-dec-1790774204-VEXqSw0kYZKZ03M63zHz,"{""admission"":{""choice"":""fact"",""confidence"":1,""probabilities"":{""fact"":1,""forget"":0,""ignore"":0,""uncertain"":0},""type"":""choice""},""relation_0"":{""choice"":""equivalent"",""confidence"":0.86,""probabilities"":{""equivalent"":0.9,""separate"":0.1,""supersedes"":0,""uncertain"":0,""unrelated"":0},""type"":""choice""}}",add
initial,2,m8,memory,fallback,fallback,170,0,3.675e-05,0,typesafe/jev-1.13-20260917,TypeSafe,True,gen-dec-1790774205-kbywUHiPC6MpeOxqTa33,"{""admission"":{""choice"":""fact"",""confidence"":1,""probabilities"":{""fact"":1,""forget"":0,""ignore"":0,""uncertain"":0},""type"":""choice""},""relation_0"":{""choice"":""equivalent"",""confidence"":0.92,""probabilities"":{""equivalent"":0.9400000000000001,""separate"":0.06,""supersedes"":0,""uncertain"":0,""unrelated"":0},""type"":""choice""},""relation_1"":{""choice"":""equivalent"",""confidence"":0.93,""probabilities"":{""equivalent"":0.95,""separate"":0.05,""supersedes"":0,""uncertain"":0,""unrelated"":0},""type"":""choice""}}",add
initial,2,m9,memory,forget,forget,213,0,2.772e-05,0,typesafe/jev-1.13-20260917,TypeSafe,True,gen-dec-1790774206-HU50W6xiUSR3iZCKJ7lh,"{""admission"":{""choice"":""forget"",""confidence"":0.59,""probabilities"":{""fact"":0.05,""forget"":0.7,""ignore"":0.25,""uncertain"":0},""type"":""choice""},""relation_0"":{""choice"":""supersedes"",""confidence"":0.8,""probabilities"":{""equivalent"":0.02,""separate"":0.12,""supersedes"":0.84,""uncertain"":0.02,""unrelated"":0},""type"":""choice""}}",add
initial,2,c1,moderator,request_evidence,request_evidence,158,3568,2.457e-05,0.000121572,typesafe/jev-1.13-20260917,TypeSafe,True,gen-dec-1790774208-9qF4y4r9jmSAt28cU0La,"{""intervention"":{""choice"":""request_evidence"",""confidence"":0.95,""probabilities"":{""challenge_assumption"":0.01,""clarify_tradeoff"":0,""no_intervention"":0.04,""request_evidence"":0.95,""synthesise"":0,""uncertain"":0},""type"":""choice""}}","Please provide benchmark results for a defined workload, including concurrency, read/write mix, and latency targets, before concluding which database offers higher throughput."
initial,2,c2,moderator,clarify_tradeoff,request_evidence,309,2640,2.4864e-05,0.000109692,typesafe/jev-1.13-20260917,TypeSafe,True,gen-dec-1790774213-iR6AfGEuQwUgIhidPeyy,"{""intervention"":{""choice"":""request_evidence"",""confidence"":0.79,""probabilities"":{""challenge_assumption"":0.01,""clarify_tradeoff"":0.16,""no_intervention"":0,""request_evidence"":0.83,""synthesise"":0,""uncertain"":0},""type"":""choice""}}","Please quantify the hosting cost difference and identify which privacy risks remote hosting introduces, so the group can compare tradeoffs under a shared threat model."
initial,2,c3,moderator,challenge_assumption,request_evidence,157,1653,2.5116e-05,6.7914e-05,typesafe/jev-1.13-20260917,TypeSafe,True,gen-dec-1790774216-qHrXfhCKQsrUCsmtgizU,"{""intervention"":{""choice"":""request_evidence"",""confidence"":0.6,""probabilities"":{""challenge_assumption"":0.3,""clarify_tradeoff"":0,""no_intervention"":0.02,""request_evidence"":0.68,""synthesise"":0,""uncertain"":0},""type"":""choice""}}","Test the forecast with historical conversion rates or a small pilot, and model demand across conservative, expected, and optimistic scenarios rather than assuming every visitor buys."
initial,2,c4,moderator,no_intervention,no_intervention,147,908,2.52e-05,6.138e-05,typesafe/jev-1.13-20260917,TypeSafe,True,gen-dec-1790774219-NV5CIMRaYHw9kMSzsQc7,"{""intervention"":{""choice"":""no_intervention"",""confidence"":0.39,""probabilities"":{""challenge_assumption"":0,""clarify_tradeoff"":0,""no_intervention"":0.49,""request_evidence"":0.45,""synthesise"":0.03,""uncertain"":0.03},""type"":""choice""}}",Please report the second test’s results and clarify whether they change the prototype’s remaining work or only validate the current implementation.
initial,2,s1,speakers,writer,writer,188,2169,6.4134e-05,0.000217206,typesafe/jev-1.13-20260917,TypeSafe,True,gen-dec-1790774223-zz9Sy3dRe8wwHLLUuCBn,"{""primary"":{""choice"":""writer"",""confidence"":1,""probabilities"":{""reviewer"":0,""writer"":1},""type"":""choice""},""reply_0_0"":{""choice"":""reply"",""confidence"":1,""probabilities"":{""none"":0,""reply"":1},""type"":""choice""},""reply_1_0"":{""choice"":""none"",""confidence"":0.72,""probabilities"":{""none"":0.86,""reply"":0.14},""type"":""choice""},""speaker_0"":{""choice"":""answer_human"",""confidence"":1,""probabilities"":{""answer_human"":1,""correct_error"":0,""owned_handoff"":0,""quiet"":0,""review_change"":0,""uncertain"":0},""type"":""choice""},""speaker_1"":{""choice"":""quiet"",""confidence"":0.99,""probabilities"":{""answer_human"":0,""correct_error"":0,""owned_handoff"":0,""quiet"":1,""review_change"":0,""uncertain"":0},""type"":""choice""}}",writer
initial,2,s2,speakers,quiet,quiet,161,1310,6.0774e-05,0.000160974,typesafe/jev-1.13-20260917,TypeSafe,True,gen-dec-1790774228-yFfxCAQUyDHWxyY35F1v,"{""reply_0_0"":{""choice"":""none"",""confidence"":0.86,""probabilities"":{""none"":0.93,""reply"":0.07},""type"":""choice""},""reply_1_0"":{""choice"":""none"",""confidence"":0.76,""probabilities"":{""none"":0.88,""reply"":0.12},""type"":""choice""},""speaker_0"":{""choice"":""quiet"",""confidence"":1,""probabilities"":{""answer_human"":0,""correct_error"":0,""owned_handoff"":0,""quiet"":1,""review_change"":0,""uncertain"":0},""type"":""choice""},""speaker_1"":{""choice"":""quiet"",""confidence"":0.99,""probabilities"":{""answer_human"":0,""correct_error"":0,""owned_handoff"":0,""quiet"":0.99,""review_change"":0.01,""uncertain"":0},""type"":""choice""}}",quiet
initial,2,s3,speakers,reviewer,reviewer,159,5104,6.0984e-05,0.000216216,typesafe/jev-1.13-20260917,TypeSafe,True,gen-dec-1790774233-Q5wdEgi1yT743EazIeeO,"{""reply_0_0"":{""choice"":""reply"",""confidence"":0.28,""probabilities"":{""none"":0.36,""reply"":0.64},""type"":""choice""},""reply_1_0"":{""choice"":""reply"",""confidence"":0.98,""probabilities"":{""none"":0.01,""reply"":0.99},""type"":""choice""},""speaker_0"":{""choice"":""quiet"",""confidence"":0.99,""probabilities"":{""answer_human"":0,""correct_error"":0,""owned_handoff"":0.01,""quiet"":0.99,""review_change"":0,""uncertain"":0},""type"":""choice""},""speaker_1"":{""choice"":""review_change"",""confidence"":0.61,""probabilities"":{""answer_human"":0,""correct_error"":0,""owned_handoff"":0.25,""quiet"":0.07,""review_change"":0.68,""uncertain"":0},""type"":""choice""}}",reviewer
refined,1,d1,discussion,consensus,consensus,267,1307,3.9942e-05,3.465e-05,typesafe/jev-1.13-20260917,TypeSafe,True,gen-dec-1790774499-xL8Sxf659xuvCbdr4Jai,"{""agreement"":{""choice"":""yes"",""confidence"":0.98,""probabilities"":{""no"":0.01,""uncertain"":0,""yes"":0.99},""type"":""choice""},""disagreement"":{""choice"":""no"",""confidence"":1,""probabilities"":{""no"":1,""uncertain"":0,""yes"":0},""type"":""choice""},""missing_evidence"":{""choice"":""no"",""confidence"":0.61,""probabilities"":{""no"":0.74,""uncertain"":0.09,""yes"":0.17},""type"":""choice""},""repetition"":{""choice"":""yes"",""confidence"":0.5,""probabilities"":{""no"":0.31,""uncertain"":0.02,""yes"":0.67},""type"":""choice""},""unanswered"":{""choice"":""no"",""confidence"":0.93,""probabilities"":{""no"":0.96,""uncertain"":0,""yes"":0.04},""type"":""choice""}}",consensus
refined,1,d2,discussion,stalled,stalled,168,4228,4.2336e-05,2.81655e-05,typesafe/jev-1.13-20260917,TypeSafe,True,gen-dec-1790774503-shRh9oopXYXhEaNs86St,"{""agreement"":{""choice"":""no"",""confidence"":0.95,""probabilities"":{""no"":0.96,""uncertain"":0.04,""yes"":0},""type"":""choice""},""disagreement"":{""choice"":""yes"",""confidence"":0.93,""probabilities"":{""no"":0.01,""uncertain"":0.04,""yes"":0.95},""type"":""choice""},""missing_evidence"":{""choice"":""yes"",""confidence"":0.99,""probabilities"":{""no"":0,""uncertain"":0.01,""yes"":0.99},""type"":""choice""},""repetition"":{""choice"":""yes"",""confidence"":0.89,""probabilities"":{""no"":0.06,""uncertain"":0.01,""yes"":0.93},""type"":""choice""},""unanswered"":{""choice"":""yes"",""confidence"":0.81,""probabilities"":{""no"":0.06,""uncertain"":0.07,""yes"":0.87},""type"":""choice""}}",continue
refined,1,d3,discussion,continue,continue,165,1028,3.9564e-05,3.2076e-05,typesafe/jev-1.13-20260917,TypeSafe,True,gen-dec-1790774511-ziieierXsNcKk6AYEibF,"{""agreement"":{""choice"":""no"",""confidence"":0.94,""probabilities"":{""no"":0.96,""uncertain"":0.01,""yes"":0.03},""type"":""choice""},""disagreement"":{""choice"":""no"",""confidence"":0.89,""probabilities"":{""no"":0.93,""uncertain"":0.03,""yes"":0.04},""type"":""choice""},""missing_evidence"":{""choice"":""no"",""confidence"":0.6,""probabilities"":{""no"":0.74,""uncertain"":0.01,""yes"":0.25},""type"":""choice""},""repetition"":{""choice"":""yes"",""confidence"":0.55,""probabilities"":{""no"":0.27,""uncertain"":0.03,""yes"":0.7},""type"":""choice""},""unanswered"":{""choice"":""yes"",""confidence"":1,""probabilities"":{""no"":0,""uncertain"":0,""yes"":1},""type"":""choice""}}",consensus
refined,1,d4,discussion,consensus,consensus,220,1372,4.0236e-05,3.6234e-05,typesafe/jev-1.13-20260917,TypeSafe,True,gen-dec-1790774515-BuZqTAwdlxBMrFc2ZeG2,"{""agreement"":{""choice"":""yes"",""confidence"":0.99,""probabilities"":{""no"":0,""uncertain"":0,""yes"":1},""type"":""choice""},""disagreement"":{""choice"":""no"",""confidence"":1,""probabilities"":{""no"":1,""uncertain"":0,""yes"":0},""type"":""choice""},""missing_evidence"":{""choice"":""no"",""confidence"":0.93,""probabilities"":{""no"":0.96,""uncertain"":0,""yes"":0.04},""type"":""choice""},""repetition"":{""choice"":""yes"",""confidence"":0.5,""probabilities"":{""no"":0.32,""uncertain"":0.01,""yes"":0.67},""type"":""choice""},""unanswered"":{""choice"":""no"",""confidence"":0.97,""probabilities"":{""no"":0.98,""uncertain"":0,""yes"":0.02},""type"":""choice""}}",consensus
refined,1,d5,discussion,continue,stalled,256,3650,4.0068e-05,7.4052e-05,typesafe/jev-1.13-20260917,TypeSafe,True,gen-dec-1790774520-Dy4DnmnGq8Iy62GEA6W8,"{""agreement"":{""choice"":""no"",""confidence"":0.98,""probabilities"":{""no"":0.99,""uncertain"":0,""yes"":0.01},""type"":""choice""},""disagreement"":{""choice"":""no"",""confidence"":0.74,""probabilities"":{""no"":0.83,""uncertain"":0.01,""yes"":0.16},""type"":""choice""},""missing_evidence"":{""choice"":""no"",""confidence"":0.73,""probabilities"":{""no"":0.82,""uncertain"":0.08,""yes"":0.1},""type"":""choice""},""repetition"":{""choice"":""yes"",""confidence"":0.61,""probabilities"":{""no"":0.21,""uncertain"":0.05,""yes"":0.74},""type"":""choice""},""unanswered"":{""choice"":""no"",""confidence"":0.79,""probabilities"":{""no"":0.86,""uncertain"":0.02,""yes"":0.12},""type"":""choice""}}",continue
refined,1,d6,discussion,consensus,consensus,141,3243,4.0068e-05,7.821e-05,typesafe/jev-1.13-20260917,TypeSafe,True,gen-dec-1790774526-L7APouHCIQ40rFaIQrZA,"{""agreement"":{""choice"":""yes"",""confidence"":0.99,""probabilities"":{""no"":0,""uncertain"":0,""yes"":1},""type"":""choice""},""disagreement"":{""choice"":""no"",""confidence"":1,""probabilities"":{""no"":1,""uncertain"":0,""yes"":0},""type"":""choice""},""missing_evidence"":{""choice"":""no"",""confidence"":0.65,""probabilities"":{""no"":0.77,""uncertain"":0.06,""yes"":0.17},""type"":""choice""},""repetition"":{""choice"":""yes"",""confidence"":0.61,""probabilities"":{""no"":0.25,""uncertain"":0.01,""yes"":0.74},""type"":""choice""},""unanswered"":{""choice"":""no"",""confidence"":0.83,""probabilities"":{""no"":0.88,""uncertain"":0.01,""yes"":0.11},""type"":""choice""}}",consensus
refined,1,d7,discussion,continue,continue,161,1018,3.9858e-05,4.5936e-05,typesafe/jev-1.13-20260917,TypeSafe,True,gen-dec-1790774531-3TsDFB48VJbNeZAsV3r8,"{""agreement"":{""choice"":""no"",""confidence"":1,""probabilities"":{""no"":1,""uncertain"":0,""yes"":0},""type"":""choice""},""disagreement"":{""choice"":""yes"",""confidence"":0.98,""probabilities"":{""no"":0.01,""uncertain"":0,""yes"":0.99},""type"":""choice""},""missing_evidence"":{""choice"":""yes"",""confidence"":0.71,""probabilities"":{""no"":0.06,""uncertain"":0.13,""yes"":0.81},""type"":""choice""},""repetition"":{""choice"":""no"",""confidence"":0.33,""probabilities"":{""no"":0.55,""uncertain"":0.33,""yes"":0.12},""type"":""choice""},""unanswered"":{""choice"":""yes"",""confidence"":0.46,""probabilities"":{""no"":0.3,""uncertain"":0.06,""yes"":0.64},""type"":""choice""}}",continue
refined,1,m1,memory,reinforce:memory_0,reinforce:memory_0,209,2,2.793e-05,0,typesafe/jev-1.13-20260917,TypeSafe,True,gen-dec-1790774535-B3dGOSR8oq2jBfaHJ8v9,"{""admission"":{""choice"":""fact"",""confidence"":0.99,""probabilities"":{""fact"":1,""forget"":0,""ignore"":0,""uncertain"":0},""type"":""choice""},""relation_0"":{""choice"":""equivalent"",""confidence"":0.78,""probabilities"":{""equivalent"":0.83,""separate"":0.16,""supersedes"":0.01,""uncertain"":0,""unrelated"":0},""type"":""choice""}}",add
refined,1,m2,memory,supersede:memory_0,supersede:memory_0,170,1,2.8098e-05,0,typesafe/jev-1.13-20260917,TypeSafe,True,gen-dec-1790774538-ulwOVXJLFFmG88O8YxwV,"{""admission"":{""choice"":""fact"",""confidence"":1,""probabilities"":{""fact"":1,""forget"":0,""ignore"":0,""uncertain"":0},""type"":""choice""},""relation_0"":{""choice"":""supersedes"",""confidence"":1,""probabilities"":{""equivalent"":0,""separate"":0,""supersedes"":1,""uncertain"":0,""unrelated"":0},""type"":""choice""}}",add
refined,1,m3,memory,add,add,216,0,2.7972e-05,0,typesafe/jev-1.13-20260917,TypeSafe,True,gen-dec-1790774541-DX5BDxFTiUEmilJYxJqk,"{""admission"":{""choice"":""fact"",""confidence"":0.72,""probabilities"":{""fact"":0.79,""forget"":0,""ignore"":0.05,""uncertain"":0.16},""type"":""choice""},""relation_0"":{""choice"":""separate"",""confidence"":0.9,""probabilities"":{""equivalent"":0,""separate"":0.93,""supersedes"":0.07,""uncertain"":0,""unrelated"":0},""type"":""choice""}}",add
refined,1,m4,memory,ignore,ignore,161,0,2.8098e-05,0,typesafe/jev-1.13-20260917,TypeSafe,True,gen-dec-1790774544-rOh8DCqiFHWnCBRzdm1N,"{""admission"":{""choice"":""ignore"",""confidence"":0.47,""probabilities"":{""fact"":0.38,""forget"":0,""ignore"":0.6,""uncertain"":0.02},""type"":""choice""},""relation_0"":{""choice"":""separate"",""confidence"":0.98,""probabilities"":{""equivalent"":0.01,""separate"":0.98,""supersedes"":0,""uncertain"":0,""unrelated"":0.01},""type"":""choice""}}",add
refined,1,m5,memory,supersede:memory_0,supersede:memory_0,185,0,2.7804e-05,0,typesafe/jev-1.13-20260917,TypeSafe,True,gen-dec-1790774550-f64ONKa1CVrbua47o3Ad,"{""admission"":{""choice"":""fact"",""confidence"":0.97,""probabilities"":{""fact"":0.98,""forget"":0,""ignore"":0.01,""uncertain"":0.01},""type"":""choice""},""relation_0"":{""choice"":""supersedes"",""confidence"":0.99,""probabilities"":{""equivalent"":0,""separate"":0.01,""supersedes"":0.99,""uncertain"":0,""unrelated"":0},""type"":""choice""}}",add
refined,1,m6,memory,ignore,ignore,188,0,2.7804e-05,0,typesafe/jev-1.13-20260917,TypeSafe,True,gen-dec-1790774554-TVHZFHdEKwMywcUDGPv7,"{""admission"":{""choice"":""ignore"",""confidence"":0.95,""probabilities"":{""fact"":0,""forget"":0,""ignore"":0.97,""uncertain"":0.03},""type"":""choice""},""relation_0"":{""choice"":""uncertain"",""confidence"":0.4,""probabilities"":{""equivalent"":0,""separate"":0.44,""supersedes"":0.02,""uncertain"":0.52,""unrelated"":0.02},""type"":""choice""}}",supersede:memory_0
refined,1,m7,memory,reinforce:memory_0,reinforce:memory_0,139,1,2.7972e-05,0,typesafe/jev-1.13-20260917,TypeSafe,True,gen-dec-1790774558-6lTLxDWi4EeZ2C0onzNl,"{""admission"":{""choice"":""fact"",""confidence"":1,""probabilities"":{""fact"":1,""forget"":0,""ignore"":0,""uncertain"":0},""type"":""choice""},""relation_0"":{""choice"":""equivalent"",""confidence"":0.84,""probabilities"":{""equivalent"":0.88,""separate"":0.12,""supersedes"":0,""uncertain"":0,""unrelated"":0},""type"":""choice""}}",add
refined,1,m8,memory,fallback,fallback,226,0,3.675e-05,0,typesafe/jev-1.13-20260917,TypeSafe,True,gen-dec-1790774562-TaptqCGgpqsgXwO5Lcoz,"{""admission"":{""choice"":""fact"",""confidence"":1,""probabilities"":{""fact"":1,""forget"":0,""ignore"":0,""uncertain"":0},""type"":""choice""},""relation_0"":{""choice"":""equivalent"",""confidence"":0.91,""probabilities"":{""equivalent"":0.93,""separate"":0.07,""supersedes"":0,""uncertain"":0,""unrelated"":0},""type"":""choice""},""relation_1"":{""choice"":""equivalent"",""confidence"":0.89,""probabilities"":{""equivalent"":0.91,""separate"":0.08,""supersedes"":0.01,""uncertain"":0,""unrelated"":0},""type"":""choice""}}",add
refined,1,m9,memory,forget,forget,173,0,2.772e-05,0,typesafe/jev-1.13-20260917,TypeSafe,True,gen-dec-1790774565-Lw4rpHvpKKKzstynCi0o,"{""admission"":{""choice"":""forget"",""confidence"":0.63,""probabilities"":{""fact"":0.04,""forget"":0.72,""ignore"":0.23,""uncertain"":0.01},""type"":""choice""},""relation_0"":{""choice"":""supersedes"",""confidence"":0.82,""probabilities"":{""equivalent"":0.02,""separate"":0.1,""supersedes"":0.86,""uncertain"":0.02,""unrelated"":0},""type"":""choice""}}",add
refined,1,c1,moderator,request_evidence,request_evidence,155,1880,2.457e-05,0.00011088,typesafe/jev-1.13-20260917,TypeSafe,True,gen-dec-1790774569-quJFrzaqCL3wkQeHQJ27,"{""intervention"":{""choice"":""request_evidence"",""confidence"":0.95,""probabilities"":{""challenge_assumption"":0.01,""clarify_tradeoff"":0,""no_intervention"":0.03,""request_evidence"":0.96,""synthesise"":0,""uncertain"":0},""type"":""choice""}}","Please provide benchmark results for both databases, specifying workload, concurrency, latency targets, and measurement conditions before recommending one."
refined,1,c2,moderator,clarify_tradeoff,request_evidence,173,3605,2.4864e-05,0.000108504,typesafe/jev-1.13-20260917,TypeSafe,True,gen-dec-1790774573-91spL7enf5vpLsugLrFo,"{""intervention"":{""choice"":""request_evidence"",""confidence"":0.88,""probabilities"":{""challenge_assumption"":0.01,""clarify_tradeoff"":0.09,""no_intervention"":0,""request_evidence"":0.9,""synthesise"":0,""uncertain"":0},""type"":""choice""}}","Compare local and remote hosting using estimated costs and a specific privacy threat model, so the group can evaluate whether the added expense provides meaningful protection."
refined,1,c3,moderator,challenge_assumption,request_evidence,289,4840,2.5116e-05,3.22245e-05,typesafe/jev-1.13-20260917,TypeSafe,True,gen-dec-1790774579-l15lzNCvKWXQFuk7po3G,"{""intervention"":{""choice"":""request_evidence"",""confidence"":0.56,""probabilities"":{""challenge_assumption"":0.34,""clarify_tradeoff"":0,""no_intervention"":0.02,""request_evidence"":0.64,""synthesise"":0,""uncertain"":0},""type"":""choice""}}",
refined,1,c4,moderator,no_intervention,no_intervention,299,3393,2.52e-05,0.000113652,typesafe/jev-1.13-20260917,TypeSafe,True,gen-dec-1790774587-M2aNia4trGbXWx8vWuHB,"{""intervention"":{""choice"":""no_intervention"",""confidence"":0.39,""probabilities"":{""challenge_assumption"":0,""clarify_tradeoff"":0,""no_intervention"":0.49,""request_evidence"":0.45,""synthesise"":0.03,""uncertain"":0.03},""type"":""choice""}}",Please report the second test’s results and clarify whether they change the remaining implementation work or reveal additional prototype tasks.
refined,1,s1,speakers,writer,writer,166,8862,6.4134e-05,0.0003739725,typesafe/jev-1.13-20260917,TypeSafe,True,gen-dec-1790774593-MGSXSmefde1LH6S7CBGj,"{""primary"":{""choice"":""writer"",""confidence"":1,""probabilities"":{""reviewer"":0,""writer"":1},""type"":""choice""},""reply_0_0"":{""choice"":""reply"",""confidence"":1,""probabilities"":{""none"":0,""reply"":1},""type"":""choice""},""reply_1_0"":{""choice"":""none"",""confidence"":0.67,""probabilities"":{""none"":0.83,""reply"":0.17},""type"":""choice""},""speaker_0"":{""choice"":""answer_human"",""confidence"":1,""probabilities"":{""answer_human"":1,""correct_error"":0,""owned_handoff"":0,""quiet"":0,""review_change"":0,""uncertain"":0},""type"":""choice""},""speaker_1"":{""choice"":""quiet"",""confidence"":0.99,""probabilities"":{""answer_human"":0,""correct_error"":0,""owned_handoff"":0,""quiet"":1,""review_change"":0,""uncertain"":0},""type"":""choice""}}",writer
refined,1,s2,speakers,quiet,quiet,172,2456,6.0774e-05,0.000188298,typesafe/jev-1.13-20260917,TypeSafe,True,gen-dec-1790774604-PaUxjDN4PcfjYEj3gS0m,"{""reply_0_0"":{""choice"":""none"",""confidence"":0.83,""probabilities"":{""none"":0.92,""reply"":0.08},""type"":""choice""},""reply_1_0"":{""choice"":""none"",""confidence"":0.76,""probabilities"":{""none"":0.88,""reply"":0.12},""type"":""choice""},""speaker_0"":{""choice"":""quiet"",""confidence"":1,""probabilities"":{""answer_human"":0,""correct_error"":0,""owned_handoff"":0,""quiet"":1,""review_change"":0,""uncertain"":0},""type"":""choice""},""speaker_1"":{""choice"":""quiet"",""confidence"":0.99,""probabilities"":{""answer_human"":0,""correct_error"":0,""owned_handoff"":0,""quiet"":1,""review_change"":0,""uncertain"":0},""type"":""choice""}}",quiet
refined,1,s3,speakers,reviewer,reviewer,163,2046,6.0984e-05,0.000223344,typesafe/jev-1.13-20260917,TypeSafe,True,gen-dec-1790774610-VeQNhTY4EORoiuefWcZv,"{""reply_0_0"":{""choice"":""reply"",""confidence"":0.26,""probabilities"":{""none"":0.37,""reply"":0.63},""type"":""choice""},""reply_1_0"":{""choice"":""reply"",""confidence"":0.98,""probabilities"":{""none"":0.01,""reply"":0.99},""type"":""choice""},""speaker_0"":{""choice"":""quiet"",""confidence"":0.99,""probabilities"":{""answer_human"":0,""correct_error"":0,""owned_handoff"":0.01,""quiet"":0.99,""review_change"":0,""uncertain"":0},""type"":""choice""},""speaker_1"":{""choice"":""review_change"",""confidence"":0.65,""probabilities"":{""answer_human"":0,""correct_error"":0,""owned_handoff"":0.23,""quiet"":0.06,""review_change"":0.71,""uncertain"":0},""type"":""choice""}}",reviewer
refined,2,d1,discussion,consensus,consensus,219,1735,3.9942e-05,4.7718e-05,typesafe/jev-1.13-20260917,TypeSafe,True,gen-dec-1790774614-5CjczkMubN9NinthoBzl,"{""agreement"":{""choice"":""yes"",""confidence"":0.99,""probabilities"":{""no"":0.01,""uncertain"":0,""yes"":0.99},""type"":""choice""},""disagreement"":{""choice"":""no"",""confidence"":1,""probabilities"":{""no"":1,""uncertain"":0,""yes"":0},""type"":""choice""},""missing_evidence"":{""choice"":""no"",""confidence"":0.55,""probabilities"":{""no"":0.69,""uncertain"":0.1,""yes"":0.21},""type"":""choice""},""repetition"":{""choice"":""yes"",""confidence"":0.53,""probabilities"":{""no"":0.29,""uncertain"":0.03,""yes"":0.68},""type"":""choice""},""unanswered"":{""choice"":""no"",""confidence"":0.93,""probabilities"":{""no"":0.96,""uncertain"":0,""yes"":0.04},""type"":""choice""}}",consensus
refined,2,d2,discussion,stalled,stalled,175,855,4.2336e-05,3.1482e-05,typesafe/jev-1.13-20260917,TypeSafe,True,gen-dec-1790774618-AaldFHezid0NmNrz9079,"{""agreement"":{""choice"":""no"",""confidence"":0.95,""probabilities"":{""no"":0.97,""uncertain"":0.03,""yes"":0},""type"":""choice""},""disagreement"":{""choice"":""yes"",""confidence"":0.91,""probabilities"":{""no"":0.01,""uncertain"":0.06,""yes"":0.9299999999999999},""type"":""choice""},""missing_evidence"":{""choice"":""yes"",""confidence"":0.99,""probabilities"":{""no"":0,""uncertain"":0.01,""yes"":0.99},""type"":""choice""},""repetition"":{""choice"":""yes"",""confidence"":0.89,""probabilities"":{""no"":0.06,""uncertain"":0.02,""yes"":0.92},""type"":""choice""},""unanswered"":{""choice"":""yes"",""confidence"":0.8,""probabilities"":{""no"":0.06,""uncertain"":0.07,""yes"":0.87},""type"":""choice""}}",continue
refined,2,d3,discussion,continue,continue,180,5040,3.9564e-05,2.772e-05,typesafe/jev-1.13-20260917,TypeSafe,True,gen-dec-1790774621-Q8AQuMLBRH8M80PDuqHp,"{""agreement"":{""choice"":""no"",""confidence"":0.96,""probabilities"":{""no"":0.97,""uncertain"":0.01,""yes"":0.02},""type"":""choice""},""disagreement"":{""choice"":""no"",""confidence"":0.93,""probabilities"":{""no"":0.95,""uncertain"":0.03,""yes"":0.02},""type"":""choice""},""missing_evidence"":{""choice"":""no"",""confidence"":0.58,""probabilities"":{""no"":0.72,""uncertain"":0.01,""yes"":0.27},""type"":""choice""},""repetition"":{""choice"":""yes"",""confidence"":0.46,""probabilities"":{""no"":0.33,""uncertain"":0.03,""yes"":0.64},""type"":""choice""},""unanswered"":{""choice"":""yes"",""confidence"":1,""probabilities"":{""no"":0,""uncertain"":0,""yes"":1},""type"":""choice""}}",continue
refined,2,d4,discussion,consensus,consensus,195,927,4.0236e-05,3.7422e-05,typesafe/jev-1.13-20260917,TypeSafe,True,gen-dec-1790774629-zwiIAmQRqJ2keIoguAEt,"{""agreement"":{""choice"":""yes"",""confidence"":0.99,""probabilities"":{""no"":0.01,""uncertain"":0,""yes"":0.99},""type"":""choice""},""disagreement"":{""choice"":""no"",""confidence"":1,""probabilities"":{""no"":1,""uncertain"":0,""yes"":0},""type"":""choice""},""missing_evidence"":{""choice"":""no"",""confidence"":0.94,""probabilities"":{""no"":0.96,""uncertain"":0,""yes"":0.04},""type"":""choice""},""repetition"":{""choice"":""yes"",""confidence"":0.47,""probabilities"":{""no"":0.34,""uncertain"":0.01,""yes"":0.65},""type"":""choice""},""unanswered"":{""choice"":""no"",""confidence"":0.97,""probabilities"":{""no"":0.98,""uncertain"":0,""yes"":0.02},""type"":""choice""}}",consensus
refined,2,d5,discussion,continue,stalled,235,2019,4.0068e-05,9.6624e-05,typesafe/jev-1.13-20260917,TypeSafe,True,gen-dec-1790774633-fA9EQUQvT9NZ2x9BwjQX,"{""agreement"":{""choice"":""no"",""confidence"":0.98,""probabilities"":{""no"":0.98,""uncertain"":0.01,""yes"":0.01},""type"":""choice""},""disagreement"":{""choice"":""no"",""confidence"":0.73,""probabilities"":{""no"":0.82,""uncertain"":0.02,""yes"":0.16},""type"":""choice""},""missing_evidence"":{""choice"":""no"",""confidence"":0.71,""probabilities"":{""no"":0.81,""uncertain"":0.08,""yes"":0.11},""type"":""choice""},""repetition"":{""choice"":""yes"",""confidence"":0.52,""probabilities"":{""no"":0.26,""uncertain"":0.06,""yes"":0.68},""type"":""choice""},""unanswered"":{""choice"":""no"",""confidence"":0.75,""probabilities"":{""no"":0.84,""uncertain"":0.02,""yes"":0.14},""type"":""choice""}}",continue
refined,2,d6,discussion,consensus,consensus,151,979,4.0068e-05,3.9006e-05,typesafe/jev-1.13-20260917,TypeSafe,True,gen-dec-1790774641-LA4Qva9f7pcopPUtbQ55,"{""agreement"":{""choice"":""yes"",""confidence"":0.99,""probabilities"":{""no"":0,""uncertain"":0,""yes"":1},""type"":""choice""},""disagreement"":{""choice"":""no"",""confidence"":1,""probabilities"":{""no"":1,""uncertain"":0,""yes"":0},""type"":""choice""},""missing_evidence"":{""choice"":""no"",""confidence"":0.62,""probabilities"":{""no"":0.75,""uncertain"":0.07,""yes"":0.18},""type"":""choice""},""repetition"":{""choice"":""yes"",""confidence"":0.56,""probabilities"":{""no"":0.27,""uncertain"":0.02,""yes"":0.71},""type"":""choice""},""unanswered"":{""choice"":""no"",""confidence"":0.82,""probabilities"":{""no"":0.88,""uncertain"":0.01,""yes"":0.11},""type"":""choice""}}",consensus
refined,2,d7,discussion,continue,continue,152,2609,3.9858e-05,0.000113652,typesafe/jev-1.13-20260917,TypeSafe,True,gen-dec-1790774648-pCdwX8NLJzQjGNAruHqW,"{""agreement"":{""choice"":""no"",""confidence"":0.99,""probabilities"":{""no"":1,""uncertain"":0,""yes"":0},""type"":""choice""},""disagreement"":{""choice"":""yes"",""confidence"":0.98,""probabilities"":{""no"":0.01,""uncertain"":0,""yes"":0.99},""type"":""choice""},""missing_evidence"":{""choice"":""yes"",""confidence"":0.72,""probabilities"":{""no"":0.08,""uncertain"":0.11,""yes"":0.81},""type"":""choice""},""repetition"":{""choice"":""no"",""confidence"":0.33,""probabilities"":{""no"":0.56,""uncertain"":0.3,""yes"":0.14},""type"":""choice""},""unanswered"":{""choice"":""yes"",""confidence"":0.39,""probabilities"":{""no"":0.33,""uncertain"":0.07,""yes"":0.6},""type"":""choice""}}",continue
refined,2,m1,memory,reinforce:memory_0,reinforce:memory_0,160,1,2.793e-05,0,typesafe/jev-1.13-20260917,TypeSafe,True,gen-dec-1790774657-BdanPdjksnhss3AH6fyS,"{""admission"":{""choice"":""fact"",""confidence"":0.99,""probabilities"":{""fact"":1,""forget"":0,""ignore"":0,""uncertain"":0},""type"":""choice""},""relation_0"":{""choice"":""equivalent"",""confidence"":0.84,""probabilities"":{""equivalent"":0.87,""separate"":0.12,""supersedes"":0.01,""uncertain"":0,""unrelated"":0},""type"":""choice""}}",add
refined,2,m2,memory,supersede:memory_0,supersede:memory_0,200,0,2.8098e-05,0,typesafe/jev-1.13-20260917,TypeSafe,True,gen-dec-1790774663-uTrzD3gIkF0BvObVwYyb,"{""admission"":{""choice"":""fact"",""confidence"":1,""probabilities"":{""fact"":1,""forget"":0,""ignore"":0,""uncertain"":0},""type"":""choice""},""relation_0"":{""choice"":""supersedes"",""confidence"":1,""probabilities"":{""equivalent"":0,""separate"":0,""supersedes"":1,""uncertain"":0,""unrelated"":0},""type"":""choice""}}",add
refined,2,m3,memory,add,add,149,1,2.7972e-05,0,typesafe/jev-1.13-20260917,TypeSafe,True,gen-dec-1790774668-lGsvgG4UPXk4qnylvkiU,"{""admission"":{""choice"":""fact"",""confidence"":0.68,""probabilities"":{""fact"":0.76,""forget"":0,""ignore"":0.06,""uncertain"":0.18},""type"":""choice""},""relation_0"":{""choice"":""separate"",""confidence"":0.93,""probabilities"":{""equivalent"":0,""separate"":0.95,""supersedes"":0.05,""uncertain"":0,""unrelated"":0},""type"":""choice""}}",add
refined,2,m4,memory,ignore,ignore,216,0,2.8098e-05,0,typesafe/jev-1.13-20260917,TypeSafe,True,gen-dec-1790774674-1WX1w978ItZ7ROhIH1UG,"{""admission"":{""choice"":""ignore"",""confidence"":0.48,""probabilities"":{""fact"":0.37,""forget"":0,""ignore"":0.61,""uncertain"":0.02},""type"":""choice""},""relation_0"":{""choice"":""separate"",""confidence"":0.97,""probabilities"":{""equivalent"":0.01,""separate"":0.97,""supersedes"":0,""uncertain"":0,""unrelated"":0.02},""type"":""choice""}}",add
refined,2,m5,memory,supersede:memory_0,supersede:memory_0,233,0,2.7804e-05,0,typesafe/jev-1.13-20260917,TypeSafe,True,gen-dec-1790774680-qeukLLGwn4Xv4nCEsHyF,"{""admission"":{""choice"":""fact"",""confidence"":0.94,""probabilities"":{""fact"":0.95,""forget"":0.01,""ignore"":0.02,""uncertain"":0.02},""type"":""choice""},""relation_0"":{""choice"":""supersedes"",""confidence"":0.98,""probabilities"":{""equivalent"":0,""separate"":0.01,""supersedes"":0.99,""uncertain"":0,""unrelated"":0},""type"":""choice""}}",add
refined,2,m6,memory,ignore,ignore,187,0,2.7804e-05,0,typesafe/jev-1.13-20260917,TypeSafe,True,gen-dec-1790774684-peE9i7D7oxIQ9ZjZ0AQr,"{""admission"":{""choice"":""ignore"",""confidence"":0.96,""probabilities"":{""fact"":0,""forget"":0,""ignore"":0.97,""uncertain"":0.03},""type"":""choice""},""relation_0"":{""choice"":""uncertain"",""confidence"":0.36,""probabilities"":{""equivalent"":0,""separate"":0.47,""supersedes"":0.02,""uncertain"":0.49,""unrelated"":0.02},""type"":""choice""}}",supersede:memory_0
refined,2,m7,memory,reinforce:memory_0,reinforce:memory_0,259,0,2.7972e-05,0,typesafe/jev-1.13-20260917,TypeSafe,True,gen-dec-1790774689-DwPWqA0YvD3U8YINUqsc,"{""admission"":{""choice"":""fact"",""confidence"":1,""probabilities"":{""fact"":1,""forget"":0,""ignore"":0,""uncertain"":0},""type"":""choice""},""relation_0"":{""choice"":""equivalent"",""confidence"":0.75,""probabilities"":{""equivalent"":0.81,""separate"":0.19,""supersedes"":0,""uncertain"":0,""unrelated"":0},""type"":""choice""}}",add
refined,2,m8,memory,fallback,fallback,268,1,3.675e-05,0,typesafe/jev-1.13-20260917,TypeSafe,True,gen-dec-1790774694-F227K4sK962jRukTN4zL,"{""admission"":{""choice"":""fact"",""confidence"":1,""probabilities"":{""fact"":1,""forget"":0,""ignore"":0,""uncertain"":0},""type"":""choice""},""relation_0"":{""choice"":""equivalent"",""confidence"":0.89,""probabilities"":{""equivalent"":0.92,""separate"":0.08,""supersedes"":0,""uncertain"":0,""unrelated"":0},""type"":""choice""},""relation_1"":{""choice"":""equivalent"",""confidence"":0.89,""probabilities"":{""equivalent"":0.92,""separate"":0.08,""supersedes"":0,""uncertain"":0,""unrelated"":0},""type"":""choice""}}",add
refined,2,m9,memory,forget,forget,147,1,2.772e-05,0,typesafe/jev-1.13-20260917,TypeSafe,True,gen-dec-1790774699-kRIvCcMqCaqN8fS4N6TB,"{""admission"":{""choice"":""forget"",""confidence"":0.67,""probabilities"":{""fact"":0.03,""forget"":0.76,""ignore"":0.21,""uncertain"":0},""type"":""choice""},""relation_0"":{""choice"":""supersedes"",""confidence"":0.78,""probabilities"":{""equivalent"":0.03,""separate"":0.12,""supersedes"":0.82,""uncertain"":0.03,""unrelated"":0},""type"":""choice""}}",add
refined,2,c1,moderator,request_evidence,request_evidence,166,1452,2.457e-05,5.0292e-05,typesafe/jev-1.13-20260917,TypeSafe,True,gen-dec-1790774704-82G6ocvY9P2ZoqaxWVO6,"{""intervention"":{""choice"":""request_evidence"",""confidence"":0.93,""probabilities"":{""challenge_assumption"":0.01,""clarify_tradeoff"":0,""no_intervention"":0.05,""request_evidence"":0.94,""synthesise"":0,""uncertain"":0},""type"":""choice""}}",Please provide benchmark results for both databases under comparable workloads before concluding which offers higher throughput.
refined,2,c2,moderator,clarify_tradeoff,request_evidence,158,3998,2.4864e-05,0.000108504,typesafe/jev-1.13-20260917,TypeSafe,True,gen-dec-1790774709-j2DNqWanWV3wGO3Cl1UE,"{""intervention"":{""choice"":""request_evidence"",""confidence"":0.82,""probabilities"":{""challenge_assumption"":0.01,""clarify_tradeoff"":0.13,""no_intervention"":0,""request_evidence"":0.86,""synthesise"":0,""uncertain"":0},""type"":""choice""}}","Quantify the hosting-cost difference and identify which privacy risks local hosting mitigates, so the group can compare expenses against concrete protections."
refined,2,c3,moderator,challenge_assumption,request_evidence,160,3941,2.5116e-05,3.22245e-05,typesafe/jev-1.13-20260917,TypeSafe,True,gen-dec-1790774721-943nqohfrXhVs8Rm9q42,"{""intervention"":{""choice"":""request_evidence"",""confidence"":0.57,""probabilities"":{""challenge_assumption"":0.33,""clarify_tradeoff"":0,""no_intervention"":0.02,""request_evidence"":0.65,""synthesise"":0,""uncertain"":0},""type"":""choice""}}",
refined,2,c4,moderator,no_intervention,no_intervention,158,3579,2.52e-05,3.2373e-05,typesafe/jev-1.13-20260917,TypeSafe,True,gen-dec-1790774733-iZALEn0eGRdOOBpC2rBe,"{""intervention"":{""choice"":""no_intervention"",""confidence"":0.47,""probabilities"":{""challenge_assumption"":0,""clarify_tradeoff"":0,""no_intervention"":0.56,""request_evidence"":0.38,""synthesise"":0.03,""uncertain"":0.02},""type"":""choice""}}",
refined,2,s1,speakers,writer,writer,183,7078,6.4134e-05,0.0003106125,typesafe/jev-1.13-20260917,TypeSafe,True,gen-dec-1790774742-at1dRItaBJEc8G0sxqbX,"{""primary"":{""choice"":""writer"",""confidence"":1,""probabilities"":{""reviewer"":0,""writer"":1},""type"":""choice""},""reply_0_0"":{""choice"":""reply"",""confidence"":1,""probabilities"":{""none"":0,""reply"":1},""type"":""choice""},""reply_1_0"":{""choice"":""none"",""confidence"":0.68,""probabilities"":{""none"":0.84,""reply"":0.16},""type"":""choice""},""speaker_0"":{""choice"":""answer_human"",""confidence"":1,""probabilities"":{""answer_human"":1,""correct_error"":0,""owned_handoff"":0,""quiet"":0,""review_change"":0,""uncertain"":0},""type"":""choice""},""speaker_1"":{""choice"":""quiet"",""confidence"":0.99,""probabilities"":{""answer_human"":0,""correct_error"":0,""owned_handoff"":0,""quiet"":1,""review_change"":0,""uncertain"":0},""type"":""choice""}}",writer
refined,2,s2,speakers,quiet,quiet,173,6529,6.0774e-05,0.0002413125,typesafe/jev-1.13-20260917,TypeSafe,True,gen-dec-1790774752-aUOPUh3yAz6bgijJNWEC,"{""reply_0_0"":{""choice"":""none"",""confidence"":0.86,""probabilities"":{""none"":0.93,""reply"":0.07},""type"":""choice""},""reply_1_0"":{""choice"":""none"",""confidence"":0.78,""probabilities"":{""none"":0.89,""reply"":0.11},""type"":""choice""},""speaker_0"":{""choice"":""quiet"",""confidence"":1,""probabilities"":{""answer_human"":0,""correct_error"":0,""owned_handoff"":0,""quiet"":1,""review_change"":0,""uncertain"":0},""type"":""choice""},""speaker_1"":{""choice"":""quiet"",""confidence"":1,""probabilities"":{""answer_human"":0,""correct_error"":0,""owned_handoff"":0,""quiet"":1,""review_change"":0,""uncertain"":0},""type"":""choice""}}",quiet
refined,2,s3,speakers,reviewer,reviewer,190,10007,6.0984e-05,0.000391149,typesafe/jev-1.13-20260917,TypeSafe,True,gen-dec-1790774762-QCpXAHMKHxjfbrTKK7NV,"{""reply_0_0"":{""choice"":""reply"",""confidence"":0.29,""probabilities"":{""none"":0.36,""reply"":0.64},""type"":""choice""},""reply_1_0"":{""choice"":""reply"",""confidence"":0.98,""probabilities"":{""none"":0.01,""reply"":0.99},""type"":""choice""},""speaker_0"":{""choice"":""quiet"",""confidence"":0.99,""probabilities"":{""answer_human"":0,""correct_error"":0,""owned_handoff"":0.01,""quiet"":0.99,""review_change"":0,""uncertain"":0},""type"":""choice""},""speaker_1"":{""choice"":""review_change"",""confidence"":0.68,""probabilities"":{""answer_human"":0,""correct_error"":0,""owned_handoff"":0.21,""quiet"":0.05,""review_change"":0.74,""uncertain"":0},""type"":""choice""}}",reviewer
final,1,d1,discussion,consensus,consensus,287,1843,4.536e-05,4.5342e-05,typesafe/jev-1.13-20260917,TypeSafe,True,gen-dec-1790774945-IFgB7hqCjkEQ9ZZYt8hJ,"{""agreement"":{""choice"":""yes"",""confidence"":0.99,""probabilities"":{""no"":0.01,""uncertain"":0,""yes"":0.99},""type"":""choice""},""disagreement"":{""choice"":""no"",""confidence"":1,""probabilities"":{""no"":1,""uncertain"":0,""yes"":0},""type"":""choice""},""missing_evidence"":{""choice"":""no"",""confidence"":0.57,""probabilities"":{""no"":0.71,""uncertain"":0.11,""yes"":0.18},""type"":""choice""},""new_progress"":{""choice"":""no"",""confidence"":0.91,""probabilities"":{""no"":0.94,""uncertain"":0,""yes"":0.06},""type"":""choice""},""repetition"":{""choice"":""yes"",""confidence"":0.57,""probabilities"":{""no"":0.27,""uncertain"":0.02,""yes"":0.71},""type"":""choice""},""unanswered"":{""choice"":""no"",""confidence"":0.95,""probabilities"":{""no"":0.97,""uncertain"":0,""yes"":0.03},""type"":""choice""}}",consensus
final,1,d2,discussion,stalled,stalled,196,4083,4.7754e-05,2.81655e-05,typesafe/jev-1.13-20260917,TypeSafe,True,gen-dec-1790774949-OaQa8YeRukXMEhfPHCxn,"{""agreement"":{""choice"":""no"",""confidence"":0.94,""probabilities"":{""no"":0.96,""uncertain"":0.04,""yes"":0},""type"":""choice""},""disagreement"":{""choice"":""yes"",""confidence"":0.94,""probabilities"":{""no"":0.01,""uncertain"":0.03,""yes"":0.96},""type"":""choice""},""missing_evidence"":{""choice"":""yes"",""confidence"":0.99,""probabilities"":{""no"":0,""uncertain"":0.01,""yes"":0.99},""type"":""choice""},""new_progress"":{""choice"":""no"",""confidence"":0.99,""probabilities"":{""no"":1,""uncertain"":0,""yes"":0},""type"":""choice""},""repetition"":{""choice"":""yes"",""confidence"":0.93,""probabilities"":{""no"":0.04,""uncertain"":0.01,""yes"":0.95},""type"":""choice""},""unanswered"":{""choice"":""yes"",""confidence"":0.83,""probabilities"":{""no"":0.06,""uncertain"":0.05,""yes"":0.89},""type"":""choice""}}",continue
final,1,d3,discussion,continue,continue,851,5433,4.4982e-05,2.772e-05,typesafe/jev-1.13-20260917,TypeSafe,True,gen-dec-1790774955-adVxglXLrPfMJ54my1e6,"{""agreement"":{""choice"":""no"",""confidence"":0.94,""probabilities"":{""no"":0.96,""uncertain"":0.01,""yes"":0.03},""type"":""choice""},""disagreement"":{""choice"":""no"",""confidence"":0.92,""probabilities"":{""no"":0.95,""uncertain"":0.03,""yes"":0.02},""type"":""choice""},""missing_evidence"":{""choice"":""no"",""confidence"":0.56,""probabilities"":{""no"":0.71,""uncertain"":0.01,""yes"":0.28},""type"":""choice""},""new_progress"":{""choice"":""no"",""confidence"":0.99,""probabilities"":{""no"":1,""uncertain"":0,""yes"":0},""type"":""choice""},""repetition"":{""choice"":""yes"",""confidence"":0.52,""probabilities"":{""no"":0.29,""uncertain"":0.03,""yes"":0.68},""type"":""choice""},""unanswered"":{""choice"":""yes"",""confidence"":1,""probabilities"":{""no"":0,""uncertain"":0,""yes"":1},""type"":""choice""}}",continue
final,1,d4,discussion,consensus,consensus,176,5731,4.5654e-05,2.84625e-05,typesafe/jev-1.13-20260917,TypeSafe,True,gen-dec-1790774962-mmPvc2HyL9pGTu3D1DWB,"{""agreement"":{""choice"":""yes"",""confidence"":0.98,""probabilities"":{""no"":0.01,""uncertain"":0,""yes"":0.99},""type"":""choice""},""disagreement"":{""choice"":""no"",""confidence"":1,""probabilities"":{""no"":1,""uncertain"":0,""yes"":0},""type"":""choice""},""missing_evidence"":{""choice"":""no"",""confidence"":0.93,""probabilities"":{""no"":0.96,""uncertain"":0,""yes"":0.04},""type"":""choice""},""new_progress"":{""choice"":""no"",""confidence"":0.77,""probabilities"":{""no"":0.85,""uncertain"":0,""yes"":0.15},""type"":""choice""},""repetition"":{""choice"":""yes"",""confidence"":0.59,""probabilities"":{""no"":0.26,""uncertain"":0.01,""yes"":0.73},""type"":""choice""},""unanswered"":{""choice"":""no"",""confidence"":0.96,""probabilities"":{""no"":0.98,""uncertain"":0,""yes"":0.02},""type"":""choice""}}",continue
final,1,d5,discussion,continue,continue,160,919,4.5486e-05,4.4352e-05,typesafe/jev-1.13-20260917,TypeSafe,True,gen-dec-1790774969-cFNGZViRSeHiLrLjX1cR,"{""agreement"":{""choice"":""no"",""confidence"":0.98,""probabilities"":{""no"":0.98,""uncertain"":0.01,""yes"":0.01},""type"":""choice""},""disagreement"":{""choice"":""no"",""confidence"":0.73,""probabilities"":{""no"":0.82,""uncertain"":0.02,""yes"":0.16},""type"":""choice""},""missing_evidence"":{""choice"":""no"",""confidence"":0.74,""probabilities"":{""no"":0.83,""uncertain"":0.07,""yes"":0.1},""type"":""choice""},""new_progress"":{""choice"":""yes"",""confidence"":1,""probabilities"":{""no"":0,""uncertain"":0,""yes"":1},""type"":""choice""},""repetition"":{""choice"":""yes"",""confidence"":0.43,""probabilities"":{""no"":0.32,""uncertain"":0.06,""yes"":0.62},""type"":""choice""},""unanswered"":{""choice"":""no"",""confidence"":0.75,""probabilities"":{""no"":0.84,""uncertain"":0.03,""yes"":0.13},""type"":""choice""}}",continue
final,1,d6,discussion,consensus,consensus,162,6952,4.5486e-05,2.82645e-05,typesafe/jev-1.13-20260917,TypeSafe,True,gen-dec-1790774971-FXJgyXF9b3m5re5NVj1v,"{""agreement"":{""choice"":""yes"",""confidence"":0.99,""probabilities"":{""no"":0,""uncertain"":0,""yes"":1},""type"":""choice""},""disagreement"":{""choice"":""no"",""confidence"":1,""probabilities"":{""no"":1,""uncertain"":0,""yes"":0},""type"":""choice""},""missing_evidence"":{""choice"":""no"",""confidence"":0.64,""probabilities"":{""no"":0.75,""uncertain"":0.08,""yes"":0.17},""type"":""choice""},""new_progress"":{""choice"":""no"",""confidence"":0.87,""probabilities"":{""no"":0.92,""uncertain"":0,""yes"":0.08},""type"":""choice""},""repetition"":{""choice"":""yes"",""confidence"":0.49,""probabilities"":{""no"":0.32,""uncertain"":0.02,""yes"":0.66},""type"":""choice""},""unanswered"":{""choice"":""no"",""confidence"":0.81,""probabilities"":{""no"":0.87,""uncertain"":0.01,""yes"":0.12},""type"":""choice""}}",continue
final,1,d7,discussion,continue,continue,153,6905,4.5276e-05,0.00011484,typesafe/jev-1.13-20260917,TypeSafe,True,gen-dec-1790774979-XvTxsn4Hv7CtP3VVgYoG,"{""agreement"":{""choice"":""no"",""confidence"":1,""probabilities"":{""no"":1,""uncertain"":0,""yes"":0},""type"":""choice""},""disagreement"":{""choice"":""yes"",""confidence"":0.99,""probabilities"":{""no"":0.01,""uncertain"":0,""yes"":0.99},""type"":""choice""},""missing_evidence"":{""choice"":""yes"",""confidence"":0.66,""probabilities"":{""no"":0.1,""uncertain"":0.13,""yes"":0.77},""type"":""choice""},""new_progress"":{""choice"":""no"",""confidence"":0.81,""probabilities"":{""no"":0.88,""uncertain"":0.04,""yes"":0.08},""type"":""choice""},""repetition"":{""choice"":""no"",""confidence"":0.33,""probabilities"":{""no"":0.56,""uncertain"":0.32,""yes"":0.12},""type"":""choice""},""unanswered"":{""choice"":""yes"",""confidence"":0.39,""probabilities"":{""no"":0.34,""uncertain"":0.07,""yes"":0.59},""type"":""choice""}}",continue
final,1,m1,memory,reinforce:memory_0,reinforce:memory_0,152,2,2.793e-05,0,typesafe/jev-1.13-20260917,TypeSafe,True,gen-dec-1790774987-FKPJDEpCJ0kEFvB1vXj9,"{""admission"":{""choice"":""fact"",""confidence"":1,""probabilities"":{""fact"":1,""forget"":0,""ignore"":0,""uncertain"":0},""type"":""choice""},""relation_0"":{""choice"":""equivalent"",""confidence"":0.79,""probabilities"":{""equivalent"":0.84,""separate"":0.15,""supersedes"":0.01,""uncertain"":0,""unrelated"":0},""type"":""choice""}}",add
final,1,m2,memory,supersede:memory_0,supersede:memory_0,172,1,2.8098e-05,0,typesafe/jev-1.13-20260917,TypeSafe,True,gen-dec-1790774988-RmCWmG3TNWcnK31UUfHt,"{""admission"":{""choice"":""fact"",""confidence"":1,""probabilities"":{""fact"":1,""forget"":0,""ignore"":0,""uncertain"":0},""type"":""choice""},""relation_0"":{""choice"":""supersedes"",""confidence"":1,""probabilities"":{""equivalent"":0,""separate"":0,""supersedes"":1,""uncertain"":0,""unrelated"":0},""type"":""choice""}}",add
final,1,m3,memory,add,add,256,0,2.7972e-05,0,typesafe/jev-1.13-20260917,TypeSafe,True,gen-dec-1790774990-JKC7lSpV1yTZw4P2GJEz,"{""admission"":{""choice"":""fact"",""confidence"":0.71,""probabilities"":{""fact"":0.78,""forget"":0,""ignore"":0.06,""uncertain"":0.16},""type"":""choice""},""relation_0"":{""choice"":""separate"",""confidence"":0.9,""probabilities"":{""equivalent"":0,""separate"":0.92,""supersedes"":0.08,""uncertain"":0,""unrelated"":0},""type"":""choice""}}",add
final,1,m4,memory,ignore,ignore,186,1,2.8098e-05,0,typesafe/jev-1.13-20260917,TypeSafe,True,gen-dec-1790774991-U0daqKjbpZ6dYoFFCoh5,"{""admission"":{""choice"":""ignore"",""confidence"":0.58,""probabilities"":{""fact"":0.3,""forget"":0,""ignore"":0.68,""uncertain"":0.02},""type"":""choice""},""relation_0"":{""choice"":""separate"",""confidence"":0.98,""probabilities"":{""equivalent"":0.01,""separate"":0.98,""supersedes"":0,""uncertain"":0,""unrelated"":0.01},""type"":""choice""}}",add
final,1,m5,memory,supersede:memory_0,supersede:memory_0,154,0,2.7804e-05,0,typesafe/jev-1.13-20260917,TypeSafe,True,gen-dec-1790774993-0gjGWOkOBhqEUPG4zfa4,"{""admission"":{""choice"":""fact"",""confidence"":0.96,""probabilities"":{""fact"":0.98,""forget"":0,""ignore"":0.01,""uncertain"":0.01},""type"":""choice""},""relation_0"":{""choice"":""supersedes"",""confidence"":0.98,""probabilities"":{""equivalent"":0,""separate"":0.01,""supersedes"":0.99,""uncertain"":0,""unrelated"":0},""type"":""choice""}}",add
final,1,m6,memory,ignore,ignore,174,0,2.7804e-05,0,typesafe/jev-1.13-20260917,TypeSafe,True,gen-dec-1790774994-ZsXcY39FHls5lVsqLe4s,"{""admission"":{""choice"":""ignore"",""confidence"":0.96,""probabilities"":{""fact"":0,""forget"":0,""ignore"":0.97,""uncertain"":0.03},""type"":""choice""},""relation_0"":{""choice"":""separate"",""confidence"":0.4,""probabilities"":{""equivalent"":0,""separate"":0.52,""supersedes"":0.02,""uncertain"":0.44,""unrelated"":0.02},""type"":""choice""}}",supersede:memory_0
final,1,m7,memory,reinforce:memory_0,reinforce:memory_0,145,0,2.7972e-05,0,typesafe/jev-1.13-20260917,TypeSafe,True,gen-dec-1790774995-YM0c0zIaevWowBbatmSh,"{""admission"":{""choice"":""fact"",""confidence"":1,""probabilities"":{""fact"":1,""forget"":0,""ignore"":0,""uncertain"":0},""type"":""choice""},""relation_0"":{""choice"":""equivalent"",""confidence"":0.83,""probabilities"":{""equivalent"":0.87,""separate"":0.13,""supersedes"":0,""uncertain"":0,""unrelated"":0},""type"":""choice""}}",add
final,1,m8,memory,fallback,fallback,150,1,3.675e-05,0,typesafe/jev-1.13-20260917,TypeSafe,True,gen-dec-1790774996-JiM4IY6TiCTxbHQHDazr,"{""admission"":{""choice"":""fact"",""confidence"":1,""probabilities"":{""fact"":1,""forget"":0,""ignore"":0,""uncertain"":0},""type"":""choice""},""relation_0"":{""choice"":""equivalent"",""confidence"":0.86,""probabilities"":{""equivalent"":0.88,""separate"":0.1,""supersedes"":0.01,""uncertain"":0.01,""unrelated"":0},""type"":""choice""},""relation_1"":{""choice"":""equivalent"",""confidence"":0.92,""probabilities"":{""equivalent"":0.94,""separate"":0.06,""supersedes"":0,""uncertain"":0,""unrelated"":0},""type"":""choice""}}",add
final,1,m9,memory,forget,forget,171,0,2.772e-05,0,typesafe/jev-1.13-20260917,TypeSafe,True,gen-dec-1790774998-SmHpI6GfHNuZLk0RdDer,"{""admission"":{""choice"":""forget"",""confidence"":0.55,""probabilities"":{""fact"":0.06,""forget"":0.66,""ignore"":0.27,""uncertain"":0.01},""type"":""choice""},""relation_0"":{""choice"":""supersedes"",""confidence"":0.81,""probabilities"":{""equivalent"":0.03,""separate"":0.12,""supersedes"":0.84,""uncertain"":0.01,""unrelated"":0},""type"":""choice""}}",add
final,1,c1,moderator,request_evidence,request_evidence,166,2752,2.7258e-05,0.00010494,typesafe/jev-1.13-20260917,TypeSafe,True,gen-dec-1790774999-11Qw0BR1ySH0bpYKWiFX,"{""intervention"":{""choice"":""request_evidence"",""confidence"":0.98,""probabilities"":{""challenge_assumption"":0,""clarify_tradeoff"":0,""no_intervention"":0.01,""request_evidence"":0.99,""synthesise"":0,""uncertain"":0},""type"":""choice""}}","Please provide throughput benchmarks for both databases under the same workload, including dataset size, query mix, concurrency, and latency targets, before recommending one."
final,1,c2,moderator,clarify_tradeoff,clarify_tradeoff,168,3011,2.7552e-05,3.1977e-05,typesafe/jev-1.13-20260917,TypeSafe,True,gen-dec-1790775003-U5ScNjTdAaGDnneRbF4o,"{""intervention"":{""choice"":""clarify_tradeoff"",""confidence"":0.77,""probabilities"":{""challenge_assumption"":0.02,""clarify_tradeoff"":0.81,""no_intervention"":0,""request_evidence"":0.17,""synthesise"":0,""uncertain"":0},""type"":""choice""}}",
final,1,c3,moderator,challenge_assumption,challenge_assumption,166,1173,2.7804e-05,6.1974e-05,typesafe/jev-1.13-20260917,TypeSafe,True,gen-dec-1790775007-Kgl0i2wjgWSFuvmqI1Nd,"{""intervention"":{""choice"":""challenge_assumption"",""confidence"":0.91,""probabilities"":{""challenge_assumption"":0.93,""clarify_tradeoff"":0,""no_intervention"":0,""request_evidence"":0.07,""synthesise"":0,""uncertain"":0},""type"":""choice""}}",Can you test the 100% conversion assumption by comparing it with historical benchmarks or running a small pilot to estimate realistic demand?
final,1,c4,moderator,no_intervention,no_intervention,207,5326,2.7888e-05,6.2568e-05,typesafe/jev-1.13-20260917,TypeSafe,True,gen-dec-1790775010-PgVmhd2HaOCxztSM6rr9,"{""intervention"":{""choice"":""no_intervention"",""confidence"":0.94,""probabilities"":{""challenge_assumption"":0,""clarify_tradeoff"":0,""no_intervention"":0.95,""request_evidence"":0.03,""synthesise"":0.01,""uncertain"":0.01},""type"":""choice""}}","Please clarify whether the second test is still being implemented or has produced results, and specify what remains before the prototype is complete."
final,1,s1,speakers,writer,writer,196,4912,6.4134e-05,0.000207702,typesafe/jev-1.13-20260917,TypeSafe,True,gen-dec-1790775016-fYoZFc5DTHruaXhi7zLq,"{""primary"":{""choice"":""writer"",""confidence"":1,""probabilities"":{""reviewer"":0,""writer"":1},""type"":""choice""},""reply_0_0"":{""choice"":""reply"",""confidence"":1,""probabilities"":{""none"":0,""reply"":1},""type"":""choice""},""reply_1_0"":{""choice"":""none"",""confidence"":0.63,""probabilities"":{""none"":0.81,""reply"":0.19},""type"":""choice""},""speaker_0"":{""choice"":""answer_human"",""confidence"":1,""probabilities"":{""answer_human"":1,""correct_error"":0,""owned_handoff"":0,""quiet"":0,""review_change"":0,""uncertain"":0},""type"":""choice""},""speaker_1"":{""choice"":""quiet"",""confidence"":0.99,""probabilities"":{""answer_human"":0,""correct_error"":0,""owned_handoff"":0,""quiet"":1,""review_change"":0,""uncertain"":0},""type"":""choice""}}",writer
final,1,s2,speakers,quiet,quiet,170,995,6.0774e-05,0.00015741,typesafe/jev-1.13-20260917,TypeSafe,True,gen-dec-1790775023-LmcIdHVbXCzq6W3IOyYY,"{""reply_0_0"":{""choice"":""none"",""confidence"":0.81,""probabilities"":{""none"":0.9,""reply"":0.1},""type"":""choice""},""reply_1_0"":{""choice"":""none"",""confidence"":0.78,""probabilities"":{""none"":0.89,""reply"":0.11},""type"":""choice""},""speaker_0"":{""choice"":""quiet"",""confidence"":1,""probabilities"":{""answer_human"":0,""correct_error"":0,""owned_handoff"":0,""quiet"":1,""review_change"":0,""uncertain"":0},""type"":""choice""},""speaker_1"":{""choice"":""quiet"",""confidence"":0.99,""probabilities"":{""answer_human"":0,""correct_error"":0,""owned_handoff"":0,""quiet"":1,""review_change"":0,""uncertain"":0},""type"":""choice""}}",quiet
final,1,s3,speakers,reviewer,reviewer,281,10779,6.0984e-05,0.000473517,typesafe/jev-1.13-20260917,TypeSafe,True,gen-dec-1790775026-07SamjbkeEPQkuOyx5Dq,"{""reply_0_0"":{""choice"":""reply"",""confidence"":0.35,""probabilities"":{""none"":0.33,""reply"":0.67},""type"":""choice""},""reply_1_0"":{""choice"":""reply"",""confidence"":0.97,""probabilities"":{""none"":0.01,""reply"":0.99},""type"":""choice""},""speaker_0"":{""choice"":""quiet"",""confidence"":0.99,""probabilities"":{""answer_human"":0,""correct_error"":0,""owned_handoff"":0.01,""quiet"":0.99,""review_change"":0,""uncertain"":0},""type"":""choice""},""speaker_1"":{""choice"":""review_change"",""confidence"":0.66,""probabilities"":{""answer_human"":0,""correct_error"":0,""owned_handoff"":0.22,""quiet"":0.06,""review_change"":0.72,""uncertain"":0},""type"":""choice""}}",reviewer
final,2,d1,discussion,consensus,consensus,197,911,4.536e-05,3.7026e-05,typesafe/jev-1.13-20260917,TypeSafe,True,gen-dec-1790775039-3qYnNr9mGJRPBiBhjNVx,"{""agreement"":{""choice"":""yes"",""confidence"":0.99,""probabilities"":{""no"":0,""uncertain"":0,""yes"":1},""type"":""choice""},""disagreement"":{""choice"":""no"",""confidence"":1,""probabilities"":{""no"":1,""uncertain"":0,""yes"":0},""type"":""choice""},""missing_evidence"":{""choice"":""no"",""confidence"":0.58,""probabilities"":{""no"":0.73,""uncertain"":0.11,""yes"":0.16},""type"":""choice""},""new_progress"":{""choice"":""no"",""confidence"":0.87,""probabilities"":{""no"":0.91,""uncertain"":0,""yes"":0.09},""type"":""choice""},""repetition"":{""choice"":""yes"",""confidence"":0.53,""probabilities"":{""no"":0.29,""uncertain"":0.02,""yes"":0.69},""type"":""choice""},""unanswered"":{""choice"":""no"",""confidence"":0.92,""probabilities"":{""no"":0.95,""uncertain"":0,""yes"":0.05},""type"":""choice""}}",consensus
final,2,d2,discussion,stalled,stalled,276,3081,4.7754e-05,0.000119394,typesafe/jev-1.13-20260917,TypeSafe,True,gen-dec-1790775041-GyswwhJG5GiKqanIZyls,"{""agreement"":{""choice"":""no"",""confidence"":0.92,""probabilities"":{""no"":0.95,""uncertain"":0.05,""yes"":0},""type"":""choice""},""disagreement"":{""choice"":""yes"",""confidence"":0.92,""probabilities"":{""no"":0.01,""uncertain"":0.05,""yes"":0.94},""type"":""choice""},""missing_evidence"":{""choice"":""yes"",""confidence"":0.99,""probabilities"":{""no"":0,""uncertain"":0,""yes"":1},""type"":""choice""},""new_progress"":{""choice"":""no"",""confidence"":0.99,""probabilities"":{""no"":1,""uncertain"":0,""yes"":0},""type"":""choice""},""repetition"":{""choice"":""yes"",""confidence"":0.89,""probabilities"":{""no"":0.06,""uncertain"":0.01,""yes"":0.93},""type"":""choice""},""unanswered"":{""choice"":""yes"",""confidence"":0.85,""probabilities"":{""no"":0.05,""uncertain"":0.05,""yes"":0.9},""type"":""choice""}}",continue
final,2,d3,discussion,continue,continue,177,830,4.4982e-05,3.0888e-05,typesafe/jev-1.13-20260917,TypeSafe,True,gen-dec-1790775046-oTMnZTNyx6vsWvIWsSDg,"{""agreement"":{""choice"":""no"",""confidence"":0.94,""probabilities"":{""no"":0.96,""uncertain"":0.01,""yes"":0.03},""type"":""choice""},""disagreement"":{""choice"":""no"",""confidence"":0.94,""probabilities"":{""no"":0.96,""uncertain"":0.02,""yes"":0.02},""type"":""choice""},""missing_evidence"":{""choice"":""no"",""confidence"":0.57,""probabilities"":{""no"":0.72,""uncertain"":0.01,""yes"":0.27},""type"":""choice""},""new_progress"":{""choice"":""no"",""confidence"":0.99,""probabilities"":{""no"":1,""uncertain"":0,""yes"":0},""type"":""choice""},""repetition"":{""choice"":""yes"",""confidence"":0.55,""probabilities"":{""no"":0.29,""uncertain"":0.02,""yes"":0.69},""type"":""choice""},""unanswered"":{""choice"":""yes"",""confidence"":1,""probabilities"":{""no"":0,""uncertain"":0,""yes"":1},""type"":""choice""}}",consensus
final,2,d4,discussion,consensus,consensus,147,876,4.5654e-05,3.6234e-05,typesafe/jev-1.13-20260917,TypeSafe,True,gen-dec-1790775048-8XPsaVzuODBu75uKisk6,"{""agreement"":{""choice"":""yes"",""confidence"":0.95,""probabilities"":{""no"":0.03,""uncertain"":0.01,""yes"":0.96},""type"":""choice""},""disagreement"":{""choice"":""no"",""confidence"":1,""probabilities"":{""no"":1,""uncertain"":0,""yes"":0},""type"":""choice""},""missing_evidence"":{""choice"":""no"",""confidence"":0.92,""probabilities"":{""no"":0.95,""uncertain"":0,""yes"":0.05},""type"":""choice""},""new_progress"":{""choice"":""no"",""confidence"":0.77,""probabilities"":{""no"":0.85,""uncertain"":0,""yes"":0.15},""type"":""choice""},""repetition"":{""choice"":""yes"",""confidence"":0.56,""probabilities"":{""no"":0.28,""uncertain"":0.01,""yes"":0.71},""type"":""choice""},""unanswered"":{""choice"":""no"",""confidence"":0.97,""probabilities"":{""no"":0.98,""uncertain"":0,""yes"":0.02},""type"":""choice""}}",consensus
final,2,d5,discussion,continue,continue,202,2008,4.5486e-05,7.0488e-05,typesafe/jev-1.13-20260917,TypeSafe,True,gen-dec-1790775050-tfiORSDK5K57WBhNNKrM,"{""agreement"":{""choice"":""no"",""confidence"":0.97,""probabilities"":{""no"":0.98,""uncertain"":0.01,""yes"":0.01},""type"":""choice""},""disagreement"":{""choice"":""no"",""confidence"":0.74,""probabilities"":{""no"":0.83,""uncertain"":0.02,""yes"":0.15},""type"":""choice""},""missing_evidence"":{""choice"":""no"",""confidence"":0.73,""probabilities"":{""no"":0.82,""uncertain"":0.07,""yes"":0.11},""type"":""choice""},""new_progress"":{""choice"":""yes"",""confidence"":1,""probabilities"":{""no"":0,""uncertain"":0,""yes"":1},""type"":""choice""},""repetition"":{""choice"":""yes"",""confidence"":0.48,""probabilities"":{""no"":0.28,""uncertain"":0.07,""yes"":0.65},""type"":""choice""},""unanswered"":{""choice"":""no"",""confidence"":0.71,""probabilities"":{""no"":0.81,""uncertain"":0.05,""yes"":0.14},""type"":""choice""}}",continue
final,2,d6,discussion,consensus,consensus,198,4136,4.5486e-05,0.000124542,typesafe/jev-1.13-20260917,TypeSafe,True,gen-dec-1790775053-lQzABI1XSfHUPhJc81F3,"{""agreement"":{""choice"":""yes"",""confidence"":0.99,""probabilities"":{""no"":0,""uncertain"":0,""yes"":1},""type"":""choice""},""disagreement"":{""choice"":""no"",""confidence"":1,""probabilities"":{""no"":1,""uncertain"":0,""yes"":0},""type"":""choice""},""missing_evidence"":{""choice"":""no"",""confidence"":0.67,""probabilities"":{""no"":0.78,""uncertain"":0.07,""yes"":0.15},""type"":""choice""},""new_progress"":{""choice"":""no"",""confidence"":0.88,""probabilities"":{""no"":0.93,""uncertain"":0,""yes"":0.07},""type"":""choice""},""repetition"":{""choice"":""yes"",""confidence"":0.51,""probabilities"":{""no"":0.3,""uncertain"":0.02,""yes"":0.68},""type"":""choice""},""unanswered"":{""choice"":""no"",""confidence"":0.85,""probabilities"":{""no"":0.9,""uncertain"":0.01,""yes"":0.09},""type"":""choice""}}",consensus
final,2,d7,discussion,continue,continue,149,3039,4.5276e-05,9.9396e-05,typesafe/jev-1.13-20260917,TypeSafe,True,gen-dec-1790775059-7eH4imNJL4g6jtaQncZK,"{""agreement"":{""choice"":""no"",""confidence"":0.99,""probabilities"":{""no"":1,""uncertain"":0,""yes"":0},""type"":""choice""},""disagreement"":{""choice"":""yes"",""confidence"":0.99,""probabilities"":{""no"":0.01,""uncertain"":0,""yes"":0.99},""type"":""choice""},""missing_evidence"":{""choice"":""yes"",""confidence"":0.67,""probabilities"":{""no"":0.07,""uncertain"":0.16,""yes"":0.77},""type"":""choice""},""new_progress"":{""choice"":""no"",""confidence"":0.81,""probabilities"":{""no"":0.88,""uncertain"":0.04,""yes"":0.08},""type"":""choice""},""repetition"":{""choice"":""no"",""confidence"":0.36,""probabilities"":{""no"":0.57,""uncertain"":0.34,""yes"":0.09},""type"":""choice""},""unanswered"":{""choice"":""yes"",""confidence"":0.38,""probabilities"":{""no"":0.35,""uncertain"":0.06,""yes"":0.59},""type"":""choice""}}",continue
final,2,m1,memory,reinforce:memory_0,reinforce:memory_0,255,2,2.793e-05,0,typesafe/jev-1.13-20260917,TypeSafe,True,gen-dec-1790775063-TQNtvxT515rVJ4IYFrtF,"{""admission"":{""choice"":""fact"",""confidence"":1,""probabilities"":{""fact"":1,""forget"":0,""ignore"":0,""uncertain"":0},""type"":""choice""},""relation_0"":{""choice"":""equivalent"",""confidence"":0.77,""probabilities"":{""equivalent"":0.81,""separate"":0.17,""supersedes"":0.01,""uncertain"":0,""unrelated"":0},""type"":""choice""}}",add
final,2,m2,memory,supersede:memory_0,supersede:memory_0,161,1,2.8098e-05,0,typesafe/jev-1.13-20260917,TypeSafe,True,gen-dec-1790775065-d51ppgx7FGfTMfvF3rZO,"{""admission"":{""choice"":""fact"",""confidence"":1,""probabilities"":{""fact"":1,""forget"":0,""ignore"":0,""uncertain"":0},""type"":""choice""},""relation_0"":{""choice"":""supersedes"",""confidence"":1,""probabilities"":{""equivalent"":0,""separate"":0,""supersedes"":1,""uncertain"":0,""unrelated"":0},""type"":""choice""}}",add
final,2,m3,memory,add,add,187,0,2.7972e-05,0,typesafe/jev-1.13-20260917,TypeSafe,True,gen-dec-1790775066-cgq0EAyxbt1CZCLlq54e,"{""admission"":{""choice"":""fact"",""confidence"":0.72,""probabilities"":{""fact"":0.79,""forget"":0,""ignore"":0.07,""uncertain"":0.14},""type"":""choice""},""relation_0"":{""choice"":""separate"",""confidence"":0.91,""probabilities"":{""equivalent"":0,""separate"":0.93,""supersedes"":0.07,""uncertain"":0,""unrelated"":0},""type"":""choice""}}",add
final,2,m4,memory,ignore,ignore,174,0,2.8098e-05,0,typesafe/jev-1.13-20260917,TypeSafe,True,gen-dec-1790775067-APpHnQvzOPa8hd7BWggZ,"{""admission"":{""choice"":""ignore"",""confidence"":0.55,""probabilities"":{""fact"":0.31,""forget"":0,""ignore"":0.67,""uncertain"":0.02},""type"":""choice""},""relation_0"":{""choice"":""separate"",""confidence"":0.96,""probabilities"":{""equivalent"":0.01,""separate"":0.97,""supersedes"":0,""uncertain"":0,""unrelated"":0.02},""type"":""choice""}}",add
final,2,m5,memory,supersede:memory_0,supersede:memory_0,166,0,2.7804e-05,0,typesafe/jev-1.13-20260917,TypeSafe,True,gen-dec-1790775068-E5QwW4BWaIlP5cRKjLTt,"{""admission"":{""choice"":""fact"",""confidence"":0.95,""probabilities"":{""fact"":0.96,""forget"":0,""ignore"":0.02,""uncertain"":0.02},""type"":""choice""},""relation_0"":{""choice"":""supersedes"",""confidence"":0.98,""probabilities"":{""equivalent"":0,""separate"":0.01,""supersedes"":0.99,""uncertain"":0,""unrelated"":0},""type"":""choice""}}",add
final,2,m6,memory,ignore,ignore,178,0,2.7804e-05,0,typesafe/jev-1.13-20260917,TypeSafe,True,gen-dec-1790775069-dWDyucRCeF3YbaSREZ0E,"{""admission"":{""choice"":""ignore"",""confidence"":0.95,""probabilities"":{""fact"":0,""forget"":0,""ignore"":0.97,""uncertain"":0.03},""type"":""choice""},""relation_0"":{""choice"":""uncertain"",""confidence"":0.37,""probabilities"":{""equivalent"":0,""separate"":0.46,""supersedes"":0.02,""uncertain"":0.5,""unrelated"":0.02},""type"":""choice""}}",supersede:memory_0
final,2,m7,memory,reinforce:memory_0,reinforce:memory_0,177,0,2.7972e-05,0,typesafe/jev-1.13-20260917,TypeSafe,True,gen-dec-1790775071-8I59hvgdUkbOvL9fxHuk,"{""admission"":{""choice"":""fact"",""confidence"":1,""probabilities"":{""fact"":1,""forget"":0,""ignore"":0,""uncertain"":0},""type"":""choice""},""relation_0"":{""choice"":""equivalent"",""confidence"":0.83,""probabilities"":{""equivalent"":0.87,""separate"":0.13,""supersedes"":0,""uncertain"":0,""unrelated"":0},""type"":""choice""}}",add
final,2,m8,memory,fallback,fallback,188,0,3.675e-05,0,typesafe/jev-1.13-20260917,TypeSafe,True,gen-dec-1790775072-Zeb6lEQtLWvPJWNFJ13K,"{""admission"":{""choice"":""fact"",""confidence"":1,""probabilities"":{""fact"":1,""forget"":0,""ignore"":0,""uncertain"":0},""type"":""choice""},""relation_0"":{""choice"":""equivalent"",""confidence"":0.89,""probabilities"":{""equivalent"":0.92,""separate"":0.08,""supersedes"":0,""uncertain"":0,""unrelated"":0},""type"":""choice""},""relation_1"":{""choice"":""equivalent"",""confidence"":0.89,""probabilities"":{""equivalent"":0.91,""separate"":0.07,""supersedes"":0.01,""uncertain"":0.01,""unrelated"":0},""type"":""choice""}}",add
final,2,m9,memory,forget,forget,172,0,2.772e-05,0,typesafe/jev-1.13-20260917,TypeSafe,True,gen-dec-1790775073-8NPoZvNhSMh74CwKucBg,"{""admission"":{""choice"":""forget"",""confidence"":0.7,""probabilities"":{""fact"":0.03,""forget"":0.78,""ignore"":0.19,""uncertain"":0},""type"":""choice""},""relation_0"":{""choice"":""supersedes"",""confidence"":0.72,""probabilities"":{""equivalent"":0.03,""separate"":0.16,""supersedes"":0.77,""uncertain"":0.04,""unrelated"":0},""type"":""choice""}}",add
final,2,c1,moderator,request_evidence,request_evidence,177,1435,2.7258e-05,5.0292e-05,typesafe/jev-1.13-20260917,TypeSafe,True,gen-dec-1790775074-o8EbFKOy00Obd4RCrjZG,"{""intervention"":{""choice"":""request_evidence"",""confidence"":0.97,""probabilities"":{""challenge_assumption"":0,""clarify_tradeoff"":0,""no_intervention"":0.02,""request_evidence"":0.98,""synthesise"":0,""uncertain"":0},""type"":""choice""}}",Please provide benchmark results for both databases under comparable workloads before concluding which offers higher throughput.
final,2,c2,moderator,clarify_tradeoff,clarify_tradeoff,171,2973,2.7552e-05,0.000106128,typesafe/jev-1.13-20260917,TypeSafe,True,gen-dec-1790775077-U0CgneB70SMEC5VmtDS1,"{""intervention"":{""choice"":""clarify_tradeoff"",""confidence"":0.74,""probabilities"":{""challenge_assumption"":0.02,""clarify_tradeoff"":0.79,""no_intervention"":0,""request_evidence"":0.19,""synthesise"":0,""uncertain"":0},""type"":""choice""}}","Compare local and remote hosting using concrete cost estimates and a defined privacy threat model, including which data or risks justify any additional expense."
final,2,c3,moderator,challenge_assumption,challenge_assumption,181,1026,2.7804e-05,6.6726e-05,typesafe/jev-1.13-20260917,TypeSafe,True,gen-dec-1790775081-RgGeZzEtfPIJSV96mfsJ,"{""intervention"":{""choice"":""challenge_assumption"",""confidence"":0.91,""probabilities"":{""challenge_assumption"":0.93,""clarify_tradeoff"":0,""no_intervention"":0,""request_evidence"":0.07,""synthesise"":0,""uncertain"":0},""type"":""choice""}}","Estimate demand using observed or benchmark conversion rates, and test how forecasts change across conservative, expected, and optimistic scenarios rather than assuming every visitor buys."
final,2,c4,moderator,no_intervention,no_intervention,135,3523,2.7888e-05,0.000145728,typesafe/jev-1.13-20260917,TypeSafe,True,gen-dec-1790775083-sCNS0Bn1c0sHvU8zBwoj,"{""intervention"":{""choice"":""no_intervention"",""confidence"":0.93,""probabilities"":{""challenge_assumption"":0,""clarify_tradeoff"":0,""no_intervention"":0.94,""request_evidence"":0.04,""synthesise"":0.01,""uncertain"":0.01},""type"":""choice""}}","Please clarify whether the second test is implemented or awaiting results, and provide concrete findings, blockers, and remaining steps."
final,2,s1,speakers,writer,writer,204,2351,6.4134e-05,0.00022077,typesafe/jev-1.13-20260917,TypeSafe,True,gen-dec-1790775088-TjiesaBsofLFNayd3S7t,"{""primary"":{""choice"":""writer"",""confidence"":1,""probabilities"":{""reviewer"":0,""writer"":1},""type"":""choice""},""reply_0_0"":{""choice"":""reply"",""confidence"":1,""probabilities"":{""none"":0,""reply"":1},""type"":""choice""},""reply_1_0"":{""choice"":""none"",""confidence"":0.73,""probabilities"":{""none"":0.86,""reply"":0.14},""type"":""choice""},""speaker_0"":{""choice"":""answer_human"",""confidence"":0.99,""probabilities"":{""answer_human"":1,""correct_error"":0,""owned_handoff"":0,""quiet"":0,""review_change"":0,""uncertain"":0},""type"":""choice""},""speaker_1"":{""choice"":""quiet"",""confidence"":0.99,""probabilities"":{""answer_human"":0,""correct_error"":0,""owned_handoff"":0,""quiet"":1,""review_change"":0,""uncertain"":0},""type"":""choice""}}",writer
final,2,s2,speakers,quiet,quiet,201,1388,6.0774e-05,0.000160974,typesafe/jev-1.13-20260917,TypeSafe,True,gen-dec-1790775092-Zb5LY3OhutIJOA9E7bLw,"{""reply_0_0"":{""choice"":""none"",""confidence"":0.77,""probabilities"":{""none"":0.88,""reply"":0.12},""type"":""choice""},""reply_1_0"":{""choice"":""none"",""confidence"":0.79,""probabilities"":{""none"":0.9,""reply"":0.1},""type"":""choice""},""speaker_0"":{""choice"":""quiet"",""confidence"":1,""probabilities"":{""answer_human"":0,""correct_error"":0,""owned_handoff"":0,""quiet"":1,""review_change"":0,""uncertain"":0},""type"":""choice""},""speaker_1"":{""choice"":""quiet"",""confidence"":0.99,""probabilities"":{""answer_human"":0,""correct_error"":0,""owned_handoff"":0,""quiet"":1,""review_change"":0,""uncertain"":0},""type"":""choice""}}",quiet
final,2,s3,speakers,reviewer,reviewer,158,3817,6.0984e-05,0.000211464,typesafe/jev-1.13-20260917,TypeSafe,True,gen-dec-1790775094-9aGLJcVszzXgrDlzw75g,"{""reply_0_0"":{""choice"":""reply"",""confidence"":0.34,""probabilities"":{""none"":0.33,""reply"":0.67},""type"":""choice""},""reply_1_0"":{""choice"":""reply"",""confidence"":0.98,""probabilities"":{""none"":0.01,""reply"":0.99},""type"":""choice""},""speaker_0"":{""choice"":""quiet"",""confidence"":0.99,""probabilities"":{""answer_human"":0,""correct_error"":0,""owned_handoff"":0.01,""quiet"":0.99,""review_change"":0,""uncertain"":0},""type"":""choice""},""speaker_1"":{""choice"":""review_change"",""confidence"":0.57,""probabilities"":{""answer_human"":0,""correct_error"":0,""owned_handoff"":0.28,""quiet"":0.07,""review_change"":0.65,""uncertain"":0},""type"":""choice""}}",reviewer
